,user_active_degree,is_lowactive_period,is_live_streamer
0,0,10,19
1,2,11,20
2,6,10,19
3,6,10,19
4,4,11,19
5,6,10,19
6,2,11,20
7,0,10,19
8,0,10,19
9,6,10,19
10,6,12,20
11,4,11,20
12,7,12,18
13,6,11,19
14,5,11,20
15,6,10,19
16,2,11,20
17,6,10,19
18,6,11,19
19,0,11,20
20,1,11,19
21,5,10,19
22,0,11,20
23,5,11,19
24,5,11,19
25,6,11,20
26,1,12,18
27,6,11,20
28,0,10,19
29,0,11,19
30,5,12,18
31,2,11,20
32,4,11,20
33,0,10,19
34,1,11,20
35,5,11,19
36,6,10,19
37,0,11,19
38,0,10,19
39,5,12,18
40,2,10,19
41,0,11,20
42,7,12,20
43,6,10,19
44,0,11,20
45,0,10,19
46,2,11,20
47,2,12,18
48,6,10,19
49,1,11,20
50,1,12,20
51,0,12,18
52,6,10,19
53,0,10,19
54,0,10,19
55,6,10,19
56,5,11,19
57,6,10,19
58,5,12,18
59,7,12,17
60,1,10,19
61,4,11,20
62,0,11,19
63,7,12,18
64,7,11,19
65,0,11,19
66,7,11,19
67,5,10,19
68,6,11,19
69,6,10,19
70,0,10,19
71,5,11,19
72,6,10,19
73,4,11,20
74,2,11,19
75,0,10,19
76,4,11,19
77,1,11,20
78,6,11,19
79,6,11,19
80,0,10,19
81,7,11,20
82,0,10,19
83,5,12,17
84,6,10,19
85,5,10,19
86,0,11,20
87,1,10,19
88,0,10,19
89,1,11,20
90,7,12,20
91,0,10,19
92,5,11,19
93,0,10,19
94,2,12,18
95,6,11,19
96,6,11,19
97,6,11,19
98,5,11,19
99,2,11,19
100,4,11,19
101,2,11,19
102,6,10,19
103,5,12,18
104,6,11,19
105,6,10,19
106,6,11,20
107,6,11,20
108,2,11,19
109,6,11,20
110,5,11,19
111,0,11,19
112,0,11,19
113,6,11,19
114,6,11,20
115,5,12,20
116,6,11,20
117,6,12,18
118,5,11,20
119,6,11,19
120,0,11,19
121,6,11,19
122,4,11,19
123,4,11,19
124,6,10,19
125,6,11,20
126,6,10,19
127,6,11,20
128,7,12,18
129,6,12,19
130,0,10,19
131,6,10,19
132,4,10,19
133,6,10,19
134,5,12,19
135,6,10,19
136,0,10,19
137,0,10,19
138,5,11,19
139,2,11,20
140,0,10,19
141,7,13,16
142,0,10,19
143,5,11,18
144,6,11,19
145,1,11,20
146,7,11,20
147,0,10,19
148,6,11,19
149,6,11,18
150,2,12,18
151,5,11,20
152,6,11,19
153,4,12,20
154,2,12,20
155,4,10,19
156,0,10,19
157,4,10,19
158,5,11,19
159,1,12,19
160,6,10,19
161,6,11,20
162,6,11,20
163,0,10,19
164,6,11,20
165,6,12,19
166,6,11,19
167,7,11,20
168,0,10,19
169,6,11,20
170,6,11,19
171,0,10,19
172,0,11,19
173,2,11,20
174,0,11,19
175,5,11,20
176,6,11,19
177,5,11,19
178,0,10,19
179,0,10,19
180,6,11,20
181,7,11,20
182,4,12,19
183,5,11,20
184,0,10,19
185,0,10,19
186,6,11,20
187,6,11,19
188,7,12,18
189,0,10,19
190,6,10,19
191,0,10,19
192,0,11,19
193,6,11,20
194,0,11,19
195,5,11,20
196,6,10,19
197,7,11,20
198,6,12,18
199,0,10,19
200,4,11,19
201,7,12,20
202,1,11,19
203,6,11,19
204,0,10,19
205,5,11,19
206,0,10,19
207,2,12,20
208,0,10,19
209,5,11,20
210,5,11,19
211,6,10,19
212,0,11,19
213,1,11,20
214,6,11,20
215,0,11,19
216,6,12,20
217,6,10,19
218,0,12,20
219,0,11,19
220,0,10,19
221,6,10,19
222,6,10,19
223,0,10,19
224,0,10,19
225,2,11,19
226,6,10,19
227,7,11,18
228,6,10,19
229,4,11,19
230,2,11,19
231,7,11,20
232,6,10,19
233,0,10,19
234,6,10,19
235,6,11,19
236,0,10,19
237,0,11,20
238,0,10,19
239,7,10,19
240,6,12,18
241,6,10,19
242,0,11,19
243,0,11,19
244,4,12,20
245,6,10,19
246,7,12,18
247,7,11,20
248,5,10,19
249,4,11,20
250,4,11,20
251,6,11,19
252,5,11,19
253,5,12,17
254,7,11,19
255,7,11,18
256,4,11,19
257,0,10,19
258,7,8,16
259,0,11,19
260,6,10,19
261,6,11,19
262,5,11,20
263,1,11,19
264,2,12,18
265,5,12,18
266,7,12,20
267,0,11,19
268,7,11,20
269,7,11,19
270,4,12,18
271,5,11,20
272,6,11,19
273,6,11,20
274,6,10,19
275,5,10,19
276,6,10,19
277,6,11,19
278,1,12,18
279,6,11,19
280,6,11,19
281,4,12,19
282,1,10,19
283,0,10,19
284,6,12,18
285,0,11,20
286,0,10,19
287,4,11,19
288,4,11,20
289,1,12,18
290,4,11,19
291,6,11,19
292,7,12,18
293,6,11,20
294,6,11,19
295,4,11,20
296,6,11,20
297,0,10,19
298,0,11,19
299,5,10,19
300,4,12,17
301,6,11,19
302,6,11,19
303,2,11,19
304,0,12,19
305,6,11,20
306,1,12,18
307,7,11,18
308,6,10,19
309,5,11,18
310,5,11,20
311,4,10,19
312,0,10,19
313,2,11,19
314,0,10,19
315,4,11,19
316,1,11,20
317,0,10,19
318,6,11,19
319,1,10,19
320,6,11,19
321,4,11,19
322,4,11,19
323,0,10,19
324,0,11,19
325,7,12,17
326,1,11,19
327,4,10,19
328,4,12,18
329,6,10,19
330,1,10,19
331,4,11,20
332,6,10,19
333,2,11,20
334,7,12,18
335,6,11,19
336,6,10,19
337,6,11,19
338,5,11,20
339,6,11,20
340,0,11,19
341,6,12,19
342,0,10,19
343,6,11,20
344,2,12,20
345,0,11,19
346,0,10,19
347,5,12,18
348,6,10,19
349,7,12,18
350,5,12,17
351,6,10,19
352,6,11,20
353,5,10,19
354,7,12,18
355,6,10,19
356,6,12,20
357,0,11,19
358,4,11,19
359,6,10,19
360,0,11,19
361,6,12,18
362,6,10,19
363,6,11,19
364,0,11,19
365,7,11,19
366,6,11,19
367,7,11,20
368,6,10,19
369,6,10,19
370,0,10,19
371,6,11,19
372,4,11,19
373,0,10,19
374,5,11,20
375,6,11,19
376,0,11,19
377,0,11,20
378,6,12,18
379,0,11,19
380,6,10,19
381,5,11,20
382,4,10,19
383,6,11,20
384,4,12,18
385,0,11,19
386,6,11,18
387,7,12,18
388,0,12,19
389,0,11,20
390,6,11,19
391,2,12,20
392,2,11,19
393,1,11,18
394,1,12,18
395,7,11,19
396,6,10,19
397,0,10,19
398,6,10,19
399,0,10,19
400,5,12,20
401,2,11,20
402,1,11,19
403,0,11,19
404,5,12,20
405,6,11,19
406,5,10,19
407,5,10,19
408,1,10,19
409,7,12,18
410,5,11,19
411,6,11,19
412,4,12,18
413,0,11,19
414,4,12,18
415,7,11,20
416,2,12,18
417,0,10,19
418,5,11,19
419,6,11,19
420,0,11,19
421,6,11,19
422,4,11,18
423,2,12,20
424,0,10,19
425,1,11,20
426,6,11,20
427,1,11,19
428,5,12,19
429,0,10,19
430,0,10,19
431,0,10,19
432,6,11,19
433,2,12,18
434,4,12,20
435,0,10,19
436,5,11,19
437,7,11,19
438,0,10,19
439,4,11,20
440,0,11,20
441,6,10,19
442,4,11,19
443,4,12,20
444,4,11,20
445,2,11,19
446,7,11,18
447,7,11,19
448,6,11,19
449,7,11,19
450,0,10,19
451,5,10,19
452,6,11,19
453,7,11,20
454,6,12,18
455,5,11,19
456,0,11,19
457,5,11,19
458,5,11,20
459,7,12,20
460,6,11,19
461,0,10,19
462,6,10,19
463,6,11,19
464,0,10,19
465,4,12,19
466,0,11,19
467,6,11,20
468,0,10,19
469,6,10,19
470,7,11,20
471,6,12,19
472,5,11,20
473,6,10,19
474,6,11,19
475,4,11,20
476,0,10,19
477,0,10,19
478,0,10,19
479,6,11,19
480,6,10,19
481,4,11,19
482,4,11,20
483,4,11,20
484,2,11,19
485,5,11,18
486,6,10,19
487,0,11,19
488,0,11,19
489,4,12,20
490,0,10,19
491,0,10,19
492,6,10,19
493,5,11,20
494,7,11,18
495,7,12,18
496,1,11,20
497,1,11,18
498,0,11,20
499,6,11,19
500,4,11,19
501,0,10,19
502,0,11,19
503,6,11,20
504,0,11,19
505,0,10,19
506,5,10,19
507,0,10,19
508,2,11,19
509,0,11,19
510,7,12,20
511,4,11,20
512,0,11,19
513,0,10,19
514,6,10,19
515,0,11,19
516,0,10,19
517,6,11,19
518,1,12,20
519,5,11,19
520,0,10,19
521,6,11,19
522,6,11,19
523,4,11,19
524,6,10,19
525,2,11,20
526,1,11,20
527,0,10,19
528,7,11,19
529,6,11,19
530,5,11,19
531,0,11,19
532,6,12,20
533,2,12,20
534,0,12,19
535,6,10,19
536,6,10,19
537,7,11,20
538,0,10,19
539,0,12,19
540,1,12,18
541,0,10,19
542,6,10,19
543,0,10,19
544,0,11,20
545,2,11,20
546,4,11,19
547,0,10,19
548,6,11,19
549,0,10,19
550,0,11,19
551,1,11,20
552,5,11,19
553,7,12,18
554,6,11,19
555,6,10,19
556,7,12,20
557,0,10,19
558,0,11,19
559,0,10,19
560,0,10,19
561,6,11,19
562,0,11,20
563,7,11,18
564,4,11,20
565,0,10,19
566,0,10,19
567,4,12,15
568,4,11,20
569,4,11,19
570,0,10,19
571,5,12,18
572,6,11,19
573,0,11,19
574,6,11,20
575,7,11,20
576,4,11,20
577,1,11,19
578,6,11,20
579,0,10,19
580,7,11,19
581,5,11,19
582,6,12,20
583,6,12,18
584,0,10,19
585,0,10,19
586,4,10,19
587,0,11,19
588,2,11,20
589,0,10,19
590,0,11,19
591,0,10,19
592,2,11,20
593,1,10,19
594,7,11,19
595,0,11,19
596,0,10,19
597,6,10,19
598,5,11,20
599,6,11,20
600,6,10,19
601,5,11,20
602,6,10,19
603,5,11,19
604,6,11,19
605,6,11,19
606,2,11,18
607,2,11,19
608,2,11,20
609,2,11,20
610,0,10,19
611,6,11,20
612,0,11,19
613,7,12,18
614,5,12,18
615,7,11,20
616,0,10,19
617,6,10,19
618,7,12,20
619,0,11,19
620,2,13,15
621,7,11,20
622,1,11,20
623,6,12,18
624,7,12,18
625,5,12,20
626,5,11,20
627,5,11,19
628,7,11,20
629,6,10,19
630,0,11,20
631,7,12,18
632,6,10,19
633,0,10,19
634,6,10,19
635,1,12,20
636,3,10,19
637,6,10,19
638,6,10,19
639,0,11,19
640,5,11,20
641,4,10,19
642,0,11,19
643,4,11,19
644,0,10,19
645,0,10,19
646,0,10,19
647,0,10,19
648,0,10,19
649,6,11,19
650,6,10,19
651,0,11,19
652,1,11,19
653,7,10,19
654,7,11,20
655,6,10,19
656,6,10,19
657,5,12,19
658,4,11,20
659,5,10,19
660,5,11,20
661,7,12,20
662,0,10,19
663,6,11,19
664,6,11,19
665,7,11,20
666,0,11,19
667,7,12,20
668,0,11,19
669,0,10,19
670,1,11,19
671,5,11,19
672,7,11,20
673,0,11,19
674,7,11,19
675,1,11,20
676,7,12,18
677,1,11,20
678,6,11,20
679,0,10,19
680,6,10,19
681,0,10,19
682,6,11,19
683,0,11,19
684,0,11,19
685,1,11,19
686,0,11,19
687,0,10,19
688,0,11,20
689,0,10,19
690,0,10,19
691,0,11,19
692,7,12,20
693,7,12,20
694,1,12,20
695,0,11,19
696,7,12,18
697,4,12,18
698,6,11,19
699,5,11,20
700,7,13,18
701,7,12,20
702,2,10,19
703,6,11,19
704,4,11,20
705,6,11,20
706,0,10,19
707,0,10,19
708,2,11,20
709,5,12,19
710,6,11,20
711,2,12,20
712,5,11,20
713,4,11,19
714,1,11,20
715,5,10,19
716,7,11,20
717,5,11,19
718,1,11,20
719,1,12,19
720,0,12,20
721,4,11,20
722,6,11,19
723,5,11,18
724,0,10,19
725,2,11,20
726,6,10,19
727,0,11,19
728,6,10,19
729,0,10,19
730,4,11,20
731,0,11,19
732,2,12,18
733,7,12,18
734,5,11,20
735,0,10,19
736,0,11,20
737,2,11,20
738,5,11,19
739,0,10,19
740,7,13,15
741,2,11,20
742,0,10,19
743,7,12,17
744,0,10,19
745,4,12,18
746,5,11,19
747,5,11,19
748,0,11,20
749,0,10,19
750,1,11,20
751,7,11,20
752,6,11,20
753,7,11,20
754,2,11,19
755,7,12,18
756,5,11,19
757,6,11,19
758,6,11,20
759,0,10,19
760,6,11,19
761,1,11,20
762,0,10,19
763,0,11,19
764,6,11,20
765,6,12,20
766,7,12,18
767,5,11,19
768,7,12,20
769,6,11,20
770,2,11,18
771,6,11,19
772,5,11,20
773,5,10,19
774,0,10,19
775,2,12,18
776,2,11,20
777,4,11,19
778,7,12,19
779,4,12,20
780,6,10,19
781,0,10,19
782,7,12,18
783,0,11,19
784,6,10,19
785,6,10,19
786,6,11,20
787,0,10,19
788,0,11,19
789,6,11,19
790,6,10,19
791,6,11,19
792,5,11,19
793,1,12,18
794,0,10,19
795,0,10,19
796,4,11,18
797,4,12,19
798,0,11,19
799,0,10,19
800,4,11,19
801,2,11,18
802,6,12,18
803,7,11,20
804,5,11,20
805,7,8,16
806,7,12,17
807,7,11,20
808,2,11,18
809,5,12,18
810,5,11,18
811,6,11,19
812,6,10,19
813,0,10,19
814,0,10,19
815,6,10,19
816,0,11,19
817,7,11,20
818,2,11,20
819,6,11,20
820,6,11,19
821,5,11,18
822,7,11,20
823,7,11,18
824,0,10,19
825,7,12,18
826,5,11,19
827,0,11,19
828,6,11,19
829,0,10,19
830,5,10,19
831,4,11,20
832,6,11,20
833,6,11,20
834,7,12,18
835,6,10,19
836,0,10,19
837,5,11,20
838,0,11,19
839,6,11,20
840,0,10,19
841,5,12,20
842,7,12,18
843,0,11,20
844,0,10,19
845,0,11,20
846,6,11,19
847,0,10,19
848,6,12,19
849,6,11,19
850,7,12,18
851,2,11,20
852,2,12,20
853,0,10,19
854,0,10,19
855,5,12,20
856,6,11,19
857,0,11,20
858,6,11,19
859,0,11,19
860,1,11,19
861,6,12,18
862,6,11,20
863,4,11,20
864,6,10,19
865,0,11,19
866,7,11,20
867,5,11,20
868,6,11,19
869,0,10,19
870,6,12,20
871,6,11,20
872,0,10,19
873,7,12,20
874,6,11,19
875,5,11,20
876,4,12,20
877,6,11,19
878,0,10,19
879,7,12,20
880,5,11,19
881,6,12,19
882,6,11,19
883,4,11,20
884,0,10,19
885,4,11,20
886,2,11,19
887,6,10,19
888,6,12,20
889,2,11,20
890,6,11,19
891,6,11,19
892,5,11,20
893,0,10,19
894,0,10,19
895,6,10,19
896,6,10,19
897,7,12,20
898,6,11,19
899,0,11,19
900,6,11,19
901,0,11,20
902,7,12,18
903,4,11,20
904,5,11,19
905,6,10,19
906,6,11,19
907,4,10,19
908,0,11,19
909,6,11,19
910,1,12,18
911,6,11,20
912,6,11,20
913,2,10,19
914,0,11,19
915,7,11,20
916,5,11,19
917,7,12,20
918,0,11,19
919,6,11,19
920,1,12,19
921,6,11,19
922,0,10,19
923,6,11,19
924,5,10,19
925,1,11,20
926,1,11,19
927,0,10,19
928,0,10,19
929,6,10,19
930,6,11,19
931,4,12,18
932,0,10,19
933,6,11,19
934,7,12,20
935,0,12,20
936,2,8,16
937,0,11,19
938,5,11,20
939,6,11,20
940,0,11,20
941,0,11,19
942,6,11,19
943,6,10,19
944,6,11,19
945,7,12,20
946,6,11,20
947,0,11,19
948,5,10,19
949,5,10,19
950,6,12,19
951,0,10,19
952,4,11,19
953,5,11,20
954,0,11,19
955,5,11,19
956,6,11,19
957,5,11,20
958,5,11,19
959,6,10,19
960,6,11,20
961,0,10,19
962,6,11,18
963,1,12,18
964,4,11,19
965,6,10,19
966,1,11,20
967,4,11,20
968,4,11,20
969,5,11,19
970,0,11,19
971,6,10,19
972,0,10,19
973,1,11,20
974,5,12,18
975,6,10,19
976,0,10,19
977,0,10,19
978,7,11,20
979,1,11,19
980,7,11,20
981,0,11,19
982,5,12,20
983,6,11,19
984,7,12,18
985,0,11,19
986,0,10,19
987,2,11,20
988,2,12,19
989,0,10,19
990,6,11,19
991,6,12,18
992,0,10,19
993,0,10,19
994,7,11,19
995,0,10,19
996,0,11,19
997,5,11,20
998,6,11,19
999,0,11,19
1000,2,11,20
1001,0,10,19
1002,5,11,19
1003,0,12,20
1004,6,12,20
1005,6,11,19
1006,7,12,20
1007,2,11,18
1008,7,11,20
1009,0,10,19
1010,6,11,19
1011,7,11,20
1012,7,11,20
1013,5,11,20
1014,7,11,20
1015,0,11,19
1016,6,10,19
1017,2,12,17
1018,5,11,20
1019,6,11,20
1020,2,11,19
1021,6,11,20
1022,0,11,19
1023,6,11,19
1024,1,11,20
1025,2,11,20
1026,6,11,19
1027,7,11,18
1028,2,11,20
1029,5,12,18
1030,6,10,19
1031,4,11,20
1032,0,10,19
1033,0,10,19
1034,4,11,20
1035,4,11,19
1036,0,10,19
1037,0,10,19
1038,4,11,20
1039,1,11,19
1040,6,10,19
1041,6,10,19
1042,0,10,19
1043,0,10,19
1044,6,11,19
1045,6,11,19
1046,0,10,19
1047,0,11,19
1048,1,11,20
1049,6,12,18
1050,2,11,19
1051,1,11,20
1052,7,12,18
1053,6,11,19
1054,0,12,19
1055,4,12,20
1056,0,10,19
1057,6,11,19
1058,6,11,19
1059,6,11,19
1060,2,11,20
1061,0,10,19
1062,5,11,20
1063,5,11,19
1064,0,10,19
1065,6,10,19
1066,6,11,19
1067,6,11,19
1068,1,12,17
1069,4,10,19
1070,6,10,19
1071,6,11,19
1072,6,10,19
1073,2,11,20
1074,6,11,20
1075,2,12,18
1076,0,11,20
1077,2,11,19
1078,5,11,20
1079,6,11,19
1080,5,11,19
1081,6,12,18
1082,6,10,19
1083,2,11,18
1084,0,11,20
1085,2,12,20
1086,1,11,19
1087,7,11,19
1088,0,10,19
1089,7,12,20
1090,6,11,20
1091,0,11,19
1092,1,12,20
1093,0,10,19
1094,0,10,19
1095,7,11,19
1096,7,12,20
1097,1,10,19
1098,0,10,19
1099,6,11,19
1100,7,13,16
1101,6,11,19
1102,5,12,18
1103,5,11,19
1104,0,11,19
1105,6,11,19
1106,4,11,19
1107,6,11,20
1108,0,10,19
1109,6,11,20
1110,0,10,19
1111,6,11,19
1112,6,11,19
1113,6,11,20
1114,6,11,20
1115,4,12,20
1116,0,12,19
1117,6,11,19
1118,0,11,19
1119,6,10,19
1120,0,10,19
1121,6,10,19
1122,2,12,18
1123,1,12,18
1124,6,10,19
1125,6,10,19
1126,4,11,20
1127,0,10,19
1128,5,11,20
1129,0,11,19
1130,6,11,20
1131,7,12,18
1132,6,11,19
1133,0,10,19
1134,7,12,18
1135,6,11,19
1136,4,11,19
1137,6,10,19
1138,0,10,19
1139,0,10,19
1140,7,11,20
1141,7,12,18
1142,7,12,17
1143,6,11,20
1144,5,11,19
1145,0,10,19
1146,5,11,19
1147,7,11,19
1148,5,11,20
1149,6,11,20
1150,7,11,18
1151,0,10,19
1152,5,11,18
1153,7,12,20
1154,6,11,19
1155,0,12,18
1156,7,11,20
1157,6,11,20
1158,5,11,20
1159,0,10,19
1160,6,11,20
1161,0,10,19
1162,6,11,19
1163,0,11,19
1164,0,10,19
1165,7,11,20
1166,5,11,20
1167,0,10,19
1168,0,10,19
1169,7,12,18
1170,2,12,18
1171,7,11,18
1172,7,12,18
1173,0,10,19
1174,6,11,19
1175,0,11,19
1176,6,11,19
1177,5,10,19
1178,0,11,19
1179,0,11,19
1180,0,11,19
1181,4,11,20
1182,0,10,19
1183,6,10,19
1184,0,11,20
1185,5,11,18
1186,0,11,19
1187,0,11,19
1188,6,10,19
1189,0,10,19
1190,5,10,19
1191,0,10,19
1192,5,11,19
1193,6,10,19
1194,2,12,18
1195,6,11,19
1196,0,10,19
1197,2,11,19
1198,7,12,20
1199,0,11,19
1200,7,12,18
1201,6,11,19
1202,1,12,20
1203,7,11,20
1204,0,10,19
1205,6,10,19
1206,7,11,18
1207,6,11,20
1208,0,12,19
1209,6,11,19
1210,5,11,19
1211,7,12,18
1212,5,12,18
1213,6,11,19
1214,4,11,20
1215,0,11,19
1216,6,11,19
1217,7,12,18
1218,2,13,21
1219,1,10,19
1220,5,10,19
1221,7,11,20
1222,6,11,20
1223,6,12,18
1224,4,11,19
1225,7,11,20
1226,0,10,19
1227,4,11,20
1228,0,10,19
1229,7,11,20
1230,2,11,20
1231,2,11,20
1232,0,10,19
1233,0,10,19
1234,1,11,18
1235,6,10,19
1236,1,10,19
1237,5,11,20
1238,6,11,19
1239,6,11,19
1240,7,11,20
1241,2,11,20
1242,2,11,20
1243,0,12,19
1244,0,10,19
1245,5,12,18
1246,7,12,20
1247,0,10,19
1248,0,11,19
1249,6,10,19
1250,5,11,20
1251,0,10,19
1252,5,10,19
1253,5,12,18
1254,0,11,19
1255,5,10,19
1256,4,11,19
1257,1,10,19
1258,6,11,19
1259,7,11,20
1260,5,11,20
1261,0,10,19
1262,6,10,19
1263,6,11,19
1264,6,11,19
1265,6,11,19
1266,6,11,19
1267,5,12,18
1268,7,12,17
1269,2,11,20
1270,5,10,19
1271,0,10,19
1272,0,11,19
1273,2,12,18
1274,7,11,20
1275,6,10,19
1276,7,10,19
1277,0,10,19
1278,0,11,19
1279,2,11,20
1280,7,12,17
1281,5,11,20
1282,6,11,19
1283,4,11,20
1284,5,11,19
1285,6,11,19
1286,7,12,20
1287,1,11,19
1288,0,10,19
1289,6,11,20
1290,1,12,20
1291,6,12,19
1292,2,12,20
1293,5,10,19
1294,0,10,19
1295,4,12,18
1296,1,11,19
1297,6,11,19
1298,1,12,18
1299,0,11,19
1300,0,10,19
1301,5,11,19
1302,1,11,20
1303,6,10,19
1304,5,12,20
1305,5,11,19
1306,0,11,19
1307,7,11,20
1308,6,10,19
1309,6,10,19
1310,0,10,19
1311,7,12,18
1312,5,11,20
1313,6,10,19
1314,6,11,20
1315,6,11,20
1316,0,11,19
1317,2,11,20
1318,0,11,19
1319,6,11,19
1320,5,11,20
1321,2,12,18
1322,6,10,19
1323,7,12,18
1324,6,10,19
1325,1,11,20
1326,2,10,19
1327,6,11,19
1328,0,10,19
1329,0,11,20
1330,7,12,15
1331,4,11,19
1332,5,11,20
1333,5,11,19
1334,6,10,19
1335,0,10,19
1336,5,12,18
1337,6,10,19
1338,2,12,20
1339,5,10,19
1340,7,11,19
1341,6,11,20
1342,4,11,20
1343,5,11,20
1344,2,12,19
1345,5,11,19
1346,4,11,20
1347,1,11,20
1348,5,11,19
1349,0,10,19
1350,4,12,20
1351,5,12,18
1352,6,10,19
1353,5,11,19
1354,0,10,19
1355,0,10,19
1356,7,11,20
1357,6,11,20
1358,6,10,19
1359,7,11,20
1360,6,11,19
1361,6,11,19
1362,6,11,18
1363,0,10,19
1364,5,11,20
1365,7,11,20
1366,0,10,19
1367,5,12,18
1368,0,10,19
1369,0,11,19
1370,6,10,19
1371,6,10,19
1372,0,10,19
1373,6,10,19
1374,6,11,20
1375,0,11,19
1376,1,11,19
1377,4,10,19
1378,7,12,18
1379,1,11,19
1380,3,10,19
1381,2,11,19
1382,2,12,19
1383,6,11,20
1384,6,10,19
1385,6,11,18
1386,4,11,19
1387,6,11,20
1388,4,10,19
1389,5,11,19
1390,6,11,19
1391,0,10,19
1392,5,10,19
1393,0,11,19
1394,5,12,18
1395,6,10,19
1396,0,10,19
1397,6,10,19
1398,1,11,20
1399,6,12,18
1400,6,11,20
1401,2,11,20
1402,7,11,20
1403,5,11,20
1404,6,10,19
1405,6,11,20
1406,7,10,19
1407,4,12,18
1408,4,10,19
1409,5,11,19
1410,6,11,19
1411,7,11,19
1412,5,11,20
1413,5,11,19
1414,6,10,19
1415,6,10,19
1416,0,11,19
1417,5,11,20
1418,6,11,19
1419,6,11,20
1420,5,11,20
1421,7,13,17
1422,7,11,20
1423,4,10,19
1424,1,11,19
1425,0,11,20
1426,2,11,19
1427,2,10,19
1428,0,10,19
1429,7,12,18
1430,0,11,19
1431,0,10,19
1432,6,11,19
1433,1,12,20
1434,6,11,19
1435,2,11,20
1436,2,11,19
1437,5,12,20
1438,0,10,19
1439,1,11,19
1440,7,11,20
1441,0,10,19
1442,7,11,20
1443,0,11,19
1444,2,11,19
1445,0,10,19
1446,6,10,19
1447,1,11,20
1448,6,11,19
1449,4,10,19
1450,0,11,19
1451,6,10,19
1452,0,10,19
1453,5,12,18
1454,0,10,19
1455,4,10,19
1456,6,10,19
1457,6,10,19
1458,0,10,19
1459,0,10,19
1460,2,11,20
1461,0,11,19
1462,5,10,19
1463,4,11,20
1464,5,11,20
1465,0,11,20
1466,7,12,18
1467,6,11,20
1468,6,11,20
1469,4,12,20
1470,0,11,19
1471,6,10,19
1472,0,10,19
1473,5,11,20
1474,0,11,19
1475,5,10,19
1476,5,11,19
1477,0,10,19
1478,0,11,19
1479,6,11,19
1480,6,11,19
1481,0,11,19
1482,0,10,19
1483,7,12,17
1484,4,11,20
1485,0,10,19
1486,1,11,18
1487,4,11,20
1488,6,11,19
1489,4,11,20
1490,0,11,19
1491,0,10,19
1492,6,11,20
1493,0,10,19
1494,5,11,19
1495,2,10,19
1496,6,10,19
1497,0,11,19
1498,2,13,18
1499,7,11,19
1500,5,12,20
1501,2,10,19
1502,6,11,20
1503,6,11,20
1504,2,11,20
1505,5,11,20
1506,2,11,20
1507,2,11,19
1508,0,10,19
1509,6,11,20
1510,5,11,20
1511,2,12,18
1512,0,10,19
1513,7,11,20
1514,0,10,19
1515,6,11,20
1516,6,10,19
1517,0,11,19
1518,0,11,19
1519,6,11,19
1520,5,11,20
1521,6,12,20
1522,5,11,20
1523,3,11,19
1524,6,10,19
1525,6,11,19
1526,1,11,20
1527,5,11,20
1528,6,11,20
1529,6,11,19
1530,6,10,19
1531,6,11,19
1532,6,11,18
1533,0,11,19
1534,0,11,19
1535,6,11,20
1536,6,11,20
1537,1,12,17
1538,0,11,19
1539,0,10,19
1540,7,11,20
1541,0,10,19
1542,6,10,19
1543,7,12,20
1544,0,10,19
1545,4,11,20
1546,0,10,19
1547,0,11,20
1548,6,12,19
1549,6,11,20
1550,7,10,19
1551,6,10,19
1552,2,12,20
1553,5,12,19
1554,6,11,20
1555,6,11,19
1556,2,11,20
1557,0,10,19
1558,0,11,19
1559,6,10,19
1560,5,11,19
1561,7,12,17
1562,7,12,18
1563,0,12,19
1564,6,11,20
1565,0,10,19
1566,6,10,19
1567,0,11,19
1568,7,11,20
1569,0,11,19
1570,6,10,19
1571,4,11,20
1572,0,11,19
1573,6,10,19
1574,0,10,19
1575,0,10,19
1576,6,12,20
1577,5,10,19
1578,4,11,20
1579,0,11,20
1580,2,11,20
1581,6,12,19
1582,5,11,20
1583,6,11,20
1584,0,11,19
1585,4,11,20
1586,0,11,19
1587,0,11,19
1588,6,11,19
1589,5,11,20
1590,0,10,19
1591,0,11,19
1592,0,10,19
1593,6,10,19
1594,7,11,20
1595,7,12,20
1596,5,10,19
1597,0,11,20
1598,0,11,18
1599,0,11,19
1600,6,11,19
1601,7,12,20
1602,0,10,19
1603,0,11,19
1604,7,12,18
1605,6,12,18
1606,7,11,19
1607,7,10,19
1608,5,12,19
1609,7,11,18
1610,0,10,19
1611,6,11,19
1612,6,11,20
1613,2,12,18
1614,0,11,19
1615,0,11,19
1616,6,12,18
1617,0,11,19
1618,2,11,18
1619,0,10,19
1620,7,12,18
1621,4,12,18
1622,0,10,19
1623,6,10,19
1624,5,11,20
1625,6,10,19
1626,2,11,20
1627,0,11,20
1628,6,11,19
1629,4,12,20
1630,6,10,19
1631,6,12,20
1632,0,10,19
1633,6,11,19
1634,7,11,20
1635,6,12,19
1636,0,10,19
1637,0,10,19
1638,0,10,19
1639,7,11,19
1640,1,11,20
1641,0,11,19
1642,1,10,19
1643,6,11,19
1644,0,11,19
1645,5,12,17
1646,6,11,19
1647,5,11,19
1648,7,13,17
1649,0,11,19
1650,0,10,19
1651,5,10,19
1652,2,12,18
1653,0,10,19
1654,1,10,19
1655,7,12,18
1656,0,10,19
1657,0,11,19
1658,2,11,20
1659,2,12,18
1660,6,10,19
1661,0,10,19
1662,6,11,19
1663,0,10,19
1664,6,12,18
1665,6,11,19
1666,0,11,19
1667,1,12,20
1668,0,10,19
1669,5,12,20
1670,6,10,19
1671,0,11,19
1672,7,12,20
1673,5,12,18
1674,7,8,16
1675,0,10,19
1676,6,10,19
1677,6,10,19
1678,0,10,19
1679,4,11,20
1680,1,11,20
1681,6,10,19
1682,5,11,20
1683,0,10,19
1684,0,11,19
1685,0,11,20
1686,6,10,19
1687,5,11,20
1688,6,12,20
1689,0,11,19
1690,1,12,18
1691,1,11,19
1692,0,12,20
1693,1,12,20
1694,6,11,19
1695,0,11,19
1696,0,10,19
1697,5,11,20
1698,6,12,18
1699,4,12,18
1700,0,10,19
1701,4,11,19
1702,0,11,19
1703,0,10,19
1704,6,11,20
1705,7,12,18
1706,0,10,19
1707,0,10,19
1708,0,11,20
1709,6,11,19
1710,0,12,19
1711,7,11,20
1712,6,11,19
1713,6,11,19
1714,2,11,20
1715,0,10,19
1716,1,12,18
1717,5,11,20
1718,5,11,20
1719,4,11,19
1720,6,10,19
1721,5,12,20
1722,4,11,19
1723,0,10,19
1724,5,12,19
1725,6,10,19
1726,0,11,19
1727,5,12,18
1728,0,10,19
1729,5,11,20
1730,6,11,19
1731,6,10,19
1732,6,11,18
1733,2,11,20
1734,6,11,19
1735,6,10,19
1736,0,11,19
1737,6,11,19
1738,5,10,19
1739,0,11,19
1740,6,10,19
1741,1,12,17
1742,7,11,20
1743,6,10,19
1744,6,11,20
1745,1,12,18
1746,6,10,19
1747,5,11,19
1748,1,11,20
1749,4,11,19
1750,5,11,20
1751,7,12,18
1752,5,11,20
1753,6,10,19
1754,0,10,19
1755,4,11,19
1756,0,11,19
1757,6,10,19
1758,6,11,19
1759,5,11,20
1760,6,11,20
1761,6,11,20
1762,0,11,19
1763,5,12,18
1764,0,10,19
1765,6,11,20
1766,4,11,20
1767,0,10,19
1768,1,12,20
1769,1,11,20
1770,6,11,20
1771,6,11,20
1772,0,10,19
1773,0,11,19
1774,0,10,19
1775,6,11,19
1776,0,10,19
1777,5,10,19
1778,6,12,20
1779,7,11,19
1780,0,10,19
1781,5,12,18
1782,6,10,19
1783,5,11,18
1784,6,12,18
1785,7,12,20
1786,2,11,20
1787,0,10,19
1788,0,10,19
1789,0,10,19
1790,5,12,20
1791,6,10,19
1792,6,11,20
1793,0,10,19
1794,6,11,20
1795,0,10,19
1796,5,11,20
1797,5,11,19
1798,6,10,19
1799,0,11,19
1800,0,11,19
1801,6,12,20
1802,0,10,19
1803,6,10,19
1804,0,10,19
1805,6,10,19
1806,0,10,19
1807,6,10,19
1808,6,10,19
1809,7,11,19
1810,6,11,19
1811,6,10,19
1812,0,10,19
1813,6,11,18
1814,6,10,19
1815,6,11,19
1816,1,12,20
1817,0,11,19
1818,7,11,20
1819,5,10,19
1820,0,10,19
1821,5,11,20
1822,0,11,19
1823,6,10,19
1824,7,11,18
1825,1,12,18
1826,6,11,18
1827,7,11,20
1828,7,12,20
1829,6,11,19
1830,0,10,19
1831,5,11,19
1832,6,11,19
1833,7,12,18
1834,6,11,19
1835,6,11,20
1836,0,11,19
1837,6,11,19
1838,4,11,20
1839,0,10,19
1840,0,10,19
1841,0,10,19
1842,7,11,20
1843,1,11,19
1844,6,11,19
1845,0,10,19
1846,6,12,18
1847,7,11,20
1848,6,12,20
1849,1,11,20
1850,0,10,19
1851,2,12,20
1852,4,11,20
1853,0,11,19
1854,6,11,19
1855,4,10,19
1856,5,11,20
1857,5,11,20
1858,6,11,18
1859,0,11,19
1860,6,11,19
1861,6,12,18
1862,1,12,18
1863,4,11,19
1864,6,10,19
1865,0,10,19
1866,5,11,20
1867,7,12,18
1868,0,11,20
1869,7,11,19
1870,6,10,19
1871,0,10,19
1872,0,11,19
1873,0,11,19
1874,5,11,19
1875,5,11,19
1876,0,10,19
1877,5,12,20
1878,6,11,20
1879,4,12,20
1880,2,10,19
1881,5,11,19
1882,5,11,20
1883,2,11,20
1884,0,10,19
1885,5,10,19
1886,6,10,19
1887,0,10,19
1888,0,10,19
1889,6,12,19
1890,2,10,19
1891,0,11,20
1892,6,10,19
1893,7,12,18
1894,2,11,20
1895,7,12,18
1896,0,10,19
1897,6,10,19
1898,6,12,18
1899,6,10,19
1900,6,12,20
1901,0,10,19
1902,4,11,20
1903,6,11,19
1904,5,12,20
1905,0,11,20
1906,0,10,19
1907,7,12,20
1908,1,12,18
1909,6,11,19
1910,0,10,19
1911,4,12,18
1912,5,11,20
1913,6,11,19
1914,0,10,19
1915,6,11,18
1916,5,11,18
1917,0,10,19
1918,2,11,19
1919,6,11,19
1920,0,10,19
1921,1,11,19
1922,5,12,17
1923,0,11,19
1924,6,11,20
1925,5,12,18
1926,2,11,20
1927,6,11,19
1928,6,10,19
1929,6,10,19
1930,0,10,19
1931,6,12,19
1932,6,10,19
1933,6,10,19
1934,2,11,20
1935,6,11,18
1936,0,11,19
1937,7,12,18
1938,5,11,20
1939,0,11,19
1940,5,10,19
1941,2,11,20
1942,2,12,18
1943,6,10,19
1944,5,11,19
1945,2,11,20
1946,6,11,19
1947,5,12,18
1948,2,11,19
1949,7,11,19
1950,6,12,19
1951,6,11,20
1952,6,11,19
1953,2,12,18
1954,2,11,20
1955,1,11,20
1956,4,11,20
1957,0,10,19
1958,4,12,19
1959,6,11,20
1960,0,10,19
1961,0,10,19
1962,6,11,20
1963,2,11,20
1964,6,11,19
1965,7,11,20
1966,4,11,19
1967,6,10,19
1968,0,10,19
1969,0,10,19
1970,0,11,19
1971,7,12,18
1972,5,11,19
1973,6,11,20
1974,1,11,20
1975,7,12,18
1976,7,12,18
1977,0,11,19
1978,5,11,18
1979,6,12,19
1980,0,10,19
1981,6,10,19
1982,5,10,19
1983,6,11,20
1984,0,10,19
1985,0,10,19
1986,0,10,19
1987,7,12,20
1988,0,11,19
1989,5,11,20
1990,7,12,18
1991,6,11,20
1992,6,11,19
1993,6,11,20
1994,5,12,20
1995,6,11,19
1996,6,11,19
1997,2,12,18
1998,0,11,19
1999,0,10,19
2000,7,10,19
2001,0,10,19
2002,6,11,20
2003,5,11,20
2004,1,10,19
2005,0,10,19
2006,6,11,19
2007,6,11,20
2008,4,11,19
2009,6,10,19
2010,7,11,20
2011,7,11,18
2012,1,11,20
2013,6,10,19
2014,6,11,19
2015,6,11,19
2016,6,11,20
2017,0,10,19
2018,0,10,19
2019,0,10,19
2020,2,11,20
2021,4,11,19
2022,4,11,20
2023,3,11,19
2024,6,11,18
2025,5,11,20
2026,5,12,19
2027,5,12,18
2028,6,12,20
2029,6,10,19
2030,5,12,18
2031,4,11,19
2032,1,11,20
2033,0,11,19
2034,4,12,19
2035,6,11,19
2036,7,11,20
2037,0,10,19
2038,6,11,20
2039,3,10,19
2040,0,10,19
2041,6,11,20
2042,0,11,19
2043,6,10,19
2044,0,10,19
2045,6,11,20
2046,2,11,20
2047,0,10,19
2048,7,12,18
2049,5,12,18
2050,1,11,19
2051,1,11,19
2052,1,11,20
2053,7,11,20
2054,1,11,20
2055,0,11,20
2056,1,11,20
2057,1,11,19
2058,6,11,19
2059,6,12,20
2060,6,11,20
2061,6,10,19
2062,7,13,21
2063,6,11,20
2064,7,13,15
2065,0,10,19
2066,6,10,19
2067,6,10,19
2068,7,12,17
2069,5,10,19
2070,0,10,19
2071,6,10,19
2072,4,11,20
2073,5,11,20
2074,0,11,19
2075,6,11,18
2076,7,12,18
2077,0,10,19
2078,1,11,20
2079,0,10,19
2080,7,11,20
2081,0,11,19
2082,6,11,19
2083,6,12,19
2084,6,10,19
2085,1,12,18
2086,0,10,19
2087,7,12,18
2088,5,11,19
2089,1,11,20
2090,6,10,19
2091,6,10,19
2092,0,11,19
2093,6,11,19
2094,0,11,20
2095,0,11,19
2096,2,12,19
2097,7,11,19
2098,7,13,16
2099,6,12,20
2100,0,10,19
2101,5,12,18
2102,6,11,19
2103,6,10,19
2104,0,11,19
2105,6,11,19
2106,0,10,19
2107,6,10,19
2108,6,10,19
2109,0,11,19
2110,0,10,19
2111,2,11,20
2112,0,10,19
2113,0,10,19
2114,0,11,19
2115,1,11,19
2116,6,11,19
2117,5,12,18
2118,6,10,19
2119,6,11,20
2120,6,11,19
2121,5,11,20
2122,0,10,19
2123,6,11,19
2124,6,11,19
2125,6,11,19
2126,0,10,19
2127,7,11,20
2128,2,10,19
2129,5,10,19
2130,0,10,19
2131,6,10,19
2132,6,11,19
2133,0,11,20
2134,6,11,19
2135,1,11,20
2136,0,10,19
2137,2,11,20
2138,5,11,19
2139,5,11,20
2140,4,12,20
2141,5,12,18
2142,6,11,20
2143,0,10,19
2144,0,10,19
2145,0,11,19
2146,0,10,19
2147,4,11,20
2148,0,10,19
2149,2,10,19
2150,0,10,19
2151,1,11,20
2152,6,11,19
2153,0,11,20
2154,2,11,20
2155,2,10,19
2156,7,11,19
2157,4,11,19
2158,0,12,19
2159,7,11,19
2160,6,12,18
2161,7,12,18
2162,2,11,18
2163,5,11,20
2164,0,11,19
2165,6,11,19
2166,0,10,19
2167,6,11,19
2168,5,10,19
2169,0,10,19
2170,0,11,19
2171,6,10,19
2172,6,11,20
2173,7,13,18
2174,0,10,19
2175,0,10,19
2176,2,11,19
2177,0,11,19
2178,0,10,19
2179,6,11,19
2180,4,11,19
2181,6,10,19
2182,5,11,20
2183,4,11,20
2184,0,11,19
2185,7,10,19
2186,6,10,19
2187,5,11,20
2188,0,10,19
2189,0,10,19
2190,6,11,19
2191,7,12,15
2192,7,12,20
2193,0,10,19
2194,0,11,19
2195,6,11,19
2196,5,12,18
2197,0,11,19
2198,4,12,18
2199,2,11,20
2200,6,11,20
2201,0,11,19
2202,6,11,19
2203,1,11,19
2204,6,11,20
2205,0,10,19
2206,0,11,19
2207,7,11,18
2208,6,12,20
2209,6,10,19
2210,1,11,19
2211,1,12,18
2212,0,11,19
2213,6,10,19
2214,2,11,20
2215,7,12,20
2216,0,10,19
2217,6,11,19
2218,4,11,19
2219,2,11,20
2220,1,12,20
2221,1,11,20
2222,6,10,19
2223,5,11,19
2224,0,10,19
2225,4,12,20
2226,2,11,18
2227,6,11,19
2228,5,11,19
2229,5,11,20
2230,2,11,20
2231,6,11,20
2232,6,11,18
2233,6,10,19
2234,1,11,19
2235,6,11,20
2236,6,11,19
2237,4,11,20
2238,4,12,18
2239,1,12,20
2240,1,10,19
2241,0,10,19
2242,4,12,19
2243,5,12,17
2244,0,11,19
2245,6,11,19
2246,0,11,19
2247,0,10,19
2248,0,10,19
2249,2,11,20
2250,6,11,20
2251,0,10,19
2252,2,11,20
2253,4,11,19
2254,5,10,19
2255,0,11,19
2256,0,10,19
2257,4,12,20
2258,0,10,19
2259,6,12,18
2260,4,11,20
2261,1,11,19
2262,6,11,20
2263,3,10,19
2264,0,10,19
2265,6,11,19
2266,7,11,20
2267,5,11,19
2268,6,10,19
2269,5,10,19
2270,7,11,20
2271,1,11,19
2272,0,10,19
2273,7,11,19
2274,2,11,19
2275,6,11,19
2276,0,10,19
2277,2,10,19
2278,5,12,18
2279,0,10,19
2280,0,10,19
2281,2,11,19
2282,6,11,20
2283,6,12,19
2284,6,11,20
2285,7,11,20
2286,2,12,20
2287,0,10,19
2288,7,11,19
2289,5,12,18
2290,6,11,19
2291,6,11,20
2292,0,11,19
2293,6,10,19
2294,0,12,20
2295,6,11,19
2296,6,11,20
2297,7,12,18
2298,6,11,19
2299,5,11,20
2300,6,11,20
2301,6,11,19
2302,2,13,18
2303,7,13,16
2304,5,10,19
2305,0,11,19
2306,1,11,20
2307,0,10,19
2308,5,10,19
2309,5,10,19
2310,1,12,18
2311,5,11,20
2312,0,11,19
2313,5,11,19
2314,6,11,18
2315,6,12,18
2316,6,11,19
2317,5,11,19
2318,6,11,19
2319,0,10,19
2320,5,11,20
2321,6,10,19
2322,5,11,20
2323,6,10,19
2324,0,10,19
2325,0,10,19
2326,6,11,20
2327,5,11,20
2328,7,10,19
2329,7,11,20
2330,0,10,19
2331,6,12,20
2332,2,11,20
2333,7,12,18
2334,6,11,19
2335,2,11,20
2336,0,10,19
2337,1,12,18
2338,5,12,20
2339,0,10,19
2340,0,11,20
2341,0,10,19
2342,1,11,19
2343,0,11,20
2344,0,10,19
2345,5,11,20
2346,0,10,19
2347,7,13,18
2348,4,12,18
2349,0,10,19
2350,7,11,20
2351,5,11,19
2352,6,10,19
2353,6,12,18
2354,7,12,18
2355,0,11,19
2356,5,11,20
2357,0,11,19
2358,6,10,19
2359,0,10,19
2360,6,11,20
2361,0,10,19
2362,6,11,19
2363,6,10,19
2364,6,11,19
2365,0,11,19
2366,1,12,18
2367,5,12,18
2368,6,12,19
2369,6,11,19
2370,6,12,19
2371,5,11,19
2372,6,12,20
2373,0,10,19
2374,6,11,20
2375,1,12,19
2376,0,10,19
2377,6,10,19
2378,5,10,19
2379,0,11,20
2380,0,11,19
2381,7,12,18
2382,6,11,19
2383,6,10,19
2384,7,11,20
2385,4,10,19
2386,0,12,19
2387,0,10,19
2388,7,13,16
2389,6,11,20
2390,5,12,18
2391,0,11,19
2392,6,10,19
2393,6,10,19
2394,6,11,19
2395,0,10,19
2396,6,11,20
2397,6,11,19
2398,5,11,20
2399,0,10,19
2400,6,11,20
2401,1,11,20
2402,6,12,19
2403,2,11,20
2404,7,12,19
2405,7,11,20
2406,7,11,20
2407,5,11,19
2408,6,10,19
2409,7,8,16
2410,0,11,19
2411,5,11,19
2412,6,10,19
2413,6,11,18
2414,6,11,20
2415,6,11,20
2416,6,11,19
2417,6,11,19
2418,6,10,19
2419,0,12,20
2420,1,10,19
2421,0,11,20
2422,6,11,19
2423,5,11,19
2424,6,11,20
2425,6,11,20
2426,7,11,20
2427,0,11,19
2428,1,11,19
2429,0,10,19
2430,6,11,20
2431,7,12,18
2432,7,8,16
2433,5,11,20
2434,1,11,20
2435,6,10,19
2436,7,13,17
2437,4,11,20
2438,6,11,20
2439,6,10,19
2440,0,11,19
2441,0,11,19
2442,7,12,18
2443,6,11,19
2444,5,12,20
2445,5,11,19
2446,6,10,19
2447,6,11,19
2448,2,11,20
2449,5,12,18
2450,7,12,18
2451,0,10,19
2452,6,12,20
2453,1,12,18
2454,7,11,20
2455,6,11,20
2456,7,11,20
2457,4,11,19
2458,1,11,20
2459,7,11,20
2460,4,10,19
2461,6,11,20
2462,6,10,19
2463,2,12,17
2464,7,13,17
2465,1,12,18
2466,5,10,19
2467,6,10,19
2468,6,11,20
2469,2,11,19
2470,6,11,19
2471,0,11,19
2472,0,11,19
2473,4,11,20
2474,1,12,15
2475,2,11,20
2476,2,13,18
2477,7,11,20
2478,7,12,18
2479,7,11,19
2480,5,12,18
2481,7,12,18
2482,0,11,19
2483,0,10,19
2484,0,10,19
2485,2,12,18
2486,6,12,18
2487,1,11,20
2488,0,10,19
2489,6,10,19
2490,5,11,19
2491,6,10,19
2492,4,11,20
2493,1,11,19
2494,1,11,19
2495,6,10,19
2496,5,12,19
2497,0,11,19
2498,7,12,20
2499,0,11,20
2500,7,12,18
2501,0,11,19
2502,0,11,20
2503,0,11,19
2504,0,11,19
2505,6,10,19
2506,6,10,19
2507,0,10,19
2508,6,11,19
2509,0,10,19
2510,1,11,20
2511,5,11,20
2512,0,11,19
2513,6,11,19
2514,6,10,19
2515,5,11,20
2516,0,11,19
2517,6,11,19
2518,6,11,19
2519,5,12,20
2520,6,11,19
2521,6,10,19
2522,4,12,19
2523,4,12,18
2524,2,11,20
2525,1,11,19
2526,0,10,19
2527,4,11,20
2528,0,11,19
2529,0,10,19
2530,5,10,19
2531,6,10,19
2532,0,10,19
2533,5,11,18
2534,2,11,19
2535,4,11,19
2536,1,11,20
2537,2,12,18
2538,6,10,19
2539,1,11,20
2540,0,10,19
2541,0,11,19
2542,2,12,20
2543,5,10,19
2544,2,12,18
2545,5,11,19
2546,6,11,19
2547,4,11,19
2548,5,10,19
2549,0,10,19
2550,5,11,19
2551,6,11,19
2552,0,11,19
2553,6,10,19
2554,7,12,18
2555,5,11,19
2556,0,10,19
2557,0,10,19
2558,4,10,19
2559,7,12,18
2560,5,10,19
2561,6,10,19
2562,1,12,18
2563,6,12,18
2564,0,10,19
2565,0,10,19
2566,1,11,20
2567,5,11,19
2568,6,12,18
2569,6,11,19
2570,1,10,19
2571,5,11,20
2572,0,10,19
2573,5,12,18
2574,6,10,19
2575,2,11,20
2576,7,11,20
2577,2,11,19
2578,7,12,19
2579,7,11,20
2580,5,11,19
2581,6,11,19
2582,6,12,18
2583,6,11,20
2584,0,10,19
2585,0,10,19
2586,1,11,20
2587,2,12,20
2588,7,11,19
2589,0,10,19
2590,0,11,19
2591,6,11,20
2592,6,10,19
2593,0,10,19
2594,0,10,19
2595,0,11,20
2596,0,10,19
2597,6,11,20
2598,1,12,18
2599,7,13,21
2600,6,11,20
2601,6,11,20
2602,6,11,19
2603,6,10,19
2604,7,11,20
2605,6,11,19
2606,0,10,19
2607,6,11,19
2608,0,10,19
2609,7,11,20
2610,6,11,20
2611,7,11,20
2612,0,11,19
2613,7,12,18
2614,4,11,20
2615,0,12,19
2616,7,11,19
2617,5,10,19
2618,0,11,19
2619,0,10,19
2620,2,12,15
2621,5,11,19
2622,4,11,20
2623,5,11,19
2624,6,11,20
2625,0,11,19
2626,6,10,19
2627,0,10,19
2628,6,10,19
2629,1,12,20
2630,0,10,19
2631,0,10,19
2632,2,10,19
2633,1,11,18
2634,0,10,19
2635,7,11,20
2636,7,11,19
2637,5,10,19
2638,6,12,20
2639,7,11,20
2640,7,11,20
2641,6,11,20
2642,6,11,20
2643,0,10,19
2644,5,12,18
2645,6,11,20
2646,0,10,19
2647,5,10,19
2648,7,12,18
2649,6,10,19
2650,6,11,20
2651,6,11,18
2652,0,11,19
2653,6,11,19
2654,2,12,20
2655,0,10,19
2656,0,10,19
2657,6,11,19
2658,6,11,20
2659,0,10,19
2660,6,11,20
2661,7,12,20
2662,1,12,19
2663,4,11,20
2664,0,10,19
2665,7,11,20
2666,0,10,19
2667,1,12,18
2668,5,11,20
2669,6,10,19
2670,0,10,19
2671,6,12,19
2672,0,11,19
2673,0,11,19
2674,6,10,19
2675,5,11,18
2676,6,12,20
2677,0,10,19
2678,4,11,18
2679,6,11,20
2680,6,11,19
2681,6,10,19
2682,7,12,20
2683,6,11,19
2684,0,10,19
2685,5,11,19
2686,6,11,20
2687,4,11,20
2688,0,11,19
2689,5,11,20
2690,0,11,19
2691,5,11,19
2692,0,11,19
2693,5,11,19
2694,6,11,20
2695,6,11,20
2696,0,10,19
2697,6,11,20
2698,6,11,19
2699,0,10,19
2700,7,11,20
2701,2,11,20
2702,7,11,20
2703,2,11,18
2704,5,11,19
2705,7,12,18
2706,0,10,19
2707,6,11,19
2708,0,11,19
2709,0,11,19
2710,6,12,20
2711,6,11,20
2712,6,10,19
2713,0,10,19
2714,5,11,19
2715,2,11,19
2716,7,11,19
2717,0,10,19
2718,0,11,19
2719,7,11,19
2720,1,11,20
2721,5,11,19
2722,6,10,19
2723,5,10,19
2724,0,11,19
2725,5,11,18
2726,7,11,20
2727,0,11,19
2728,0,10,19
2729,1,11,20
2730,6,11,20
2731,0,11,20
2732,6,12,18
2733,0,10,19
2734,7,11,20
2735,0,10,19
2736,0,11,20
2737,5,12,18
2738,0,10,19
2739,6,10,19
2740,1,11,20
2741,6,10,19
2742,7,12,18
2743,6,10,19
2744,0,11,20
2745,6,10,19
2746,6,10,19
2747,5,11,20
2748,6,11,20
2749,5,11,19
2750,0,12,19
2751,0,10,19
2752,4,10,19
2753,5,11,20
2754,0,11,20
2755,7,11,20
2756,6,10,19
2757,5,12,20
2758,4,12,20
2759,0,11,19
2760,4,11,19
2761,6,11,19
2762,7,11,20
2763,6,10,19
2764,6,11,20
2765,6,10,19
2766,5,11,20
2767,1,12,18
2768,7,12,18
2769,5,10,19
2770,7,11,20
2771,6,11,19
2772,0,10,19
2773,0,11,19
2774,5,11,20
2775,0,10,19
2776,6,11,19
2777,5,11,20
2778,6,11,19
2779,5,10,19
2780,1,12,18
2781,0,10,19
2782,0,10,19
2783,0,11,19
2784,5,12,17
2785,7,11,18
2786,5,11,20
2787,6,11,20
2788,6,11,19
2789,0,11,19
2790,6,10,19
2791,2,11,19
2792,0,10,19
2793,2,11,20
2794,0,11,19
2795,0,11,19
2796,6,10,19
2797,6,11,20
2798,6,11,20
2799,0,11,19
2800,1,12,18
2801,6,11,19
2802,1,12,18
2803,6,10,19
2804,6,10,19
2805,6,11,19
2806,6,10,19
2807,5,11,20
2808,7,11,20
2809,6,12,18
2810,0,11,20
2811,6,11,20
2812,0,10,19
2813,6,11,19
2814,1,10,19
2815,2,12,19
2816,0,10,19
2817,1,11,20
2818,0,11,19
2819,6,10,19
2820,6,11,20
2821,5,11,19
2822,6,11,20
2823,5,11,20
2824,6,11,19
2825,5,12,18
2826,6,10,19
2827,2,12,20
2828,5,10,19
2829,6,10,19
2830,1,10,19
2831,6,11,19
2832,7,11,20
2833,0,11,19
2834,0,10,19
2835,5,11,18
2836,6,12,20
2837,6,11,19
2838,6,11,20
2839,0,11,19
2840,2,11,20
2841,1,11,20
2842,6,10,19
2843,6,11,19
2844,0,10,19
2845,0,10,19
2846,0,10,19
2847,6,10,19
2848,5,11,20
2849,6,10,19
2850,5,11,19
2851,7,12,17
2852,0,10,19
2853,4,11,19
2854,6,11,19
2855,7,12,15
2856,6,12,20
2857,6,11,20
2858,0,10,19
2859,7,10,19
2860,2,8,16
2861,6,11,19
2862,7,12,18
2863,5,11,19
2864,0,12,19
2865,7,13,21
2866,7,12,20
2867,0,11,19
2868,7,11,20
2869,0,10,19
2870,6,12,20
2871,6,11,19
2872,6,11,19
2873,7,12,20
2874,0,10,19
2875,0,10,19
2876,1,11,18
2877,5,12,18
2878,0,10,19
2879,0,10,19
2880,6,10,19
2881,0,10,19
2882,2,11,20
2883,6,11,19
2884,0,10,19
2885,6,11,19
2886,0,11,19
2887,6,11,20
2888,6,11,19
2889,0,11,19
2890,0,10,19
2891,4,11,19
2892,7,10,19
2893,5,11,20
2894,4,12,18
2895,7,11,20
2896,0,10,19
2897,7,12,18
2898,6,12,20
2899,0,10,19
2900,0,11,19
2901,6,11,20
2902,2,12,18
2903,6,11,19
2904,0,10,19
2905,3,11,19
2906,6,11,19
2907,5,11,20
2908,2,12,20
2909,0,10,19
2910,5,11,19
2911,6,10,19
2912,6,11,20
2913,7,11,20
2914,6,11,20
2915,0,11,20
2916,0,10,19
2917,6,10,19
2918,5,12,18
2919,5,12,19
2920,0,11,19
2921,0,12,20
2922,0,10,19
2923,5,11,20
2924,5,10,19
2925,4,11,20
2926,2,10,19
2927,2,11,20
2928,0,11,19
2929,6,11,20
2930,4,12,19
2931,6,10,19
2932,0,11,19
2933,0,10,19
2934,7,11,20
2935,5,11,20
2936,6,10,19
2937,2,11,20
2938,2,11,18
2939,6,11,20
2940,5,11,20
2941,7,11,20
2942,1,10,19
2943,4,11,20
2944,6,11,19
2945,5,11,19
2946,0,10,19
2947,0,10,19
2948,0,10,19
2949,0,10,19
2950,6,11,19
2951,6,11,19
2952,6,11,19
2953,7,12,20
2954,6,11,19
2955,6,10,19
2956,6,11,19
2957,2,11,20
2958,6,11,19
2959,2,11,19
2960,6,12,18
2961,2,11,19
2962,6,10,19
2963,1,11,20
2964,2,12,20
2965,6,12,19
2966,0,10,19
2967,3,12,19
2968,5,12,20
2969,0,10,19
2970,6,11,19
2971,0,11,19
2972,0,10,19
2973,6,11,19
2974,6,10,19
2975,0,10,19
2976,5,11,20
2977,0,10,19
2978,0,10,19
2979,0,11,20
2980,0,10,19
2981,0,10,19
2982,2,11,19
2983,6,10,19
2984,2,12,20
2985,0,11,19
2986,5,11,20
2987,0,10,19
2988,0,11,19
2989,1,13,15
2990,6,11,20
2991,6,12,19
2992,1,11,19
2993,6,11,19
2994,6,12,19
2995,5,10,19
2996,0,10,19
2997,7,12,20
2998,0,10,19
2999,1,12,18
3000,0,10,19
3001,6,11,19
3002,6,11,20
3003,0,10,19
3004,5,10,19
3005,1,11,18
3006,2,11,19
3007,1,11,20
3008,5,11,20
3009,0,10,19
3010,7,12,18
3011,0,10,19
3012,7,11,19
3013,0,10,19
3014,0,10,19
3015,0,10,19
3016,4,10,19
3017,6,11,19
3018,1,10,19
3019,1,12,20
3020,2,12,20
3021,4,11,20
3022,6,11,20
3023,6,11,19
3024,0,10,19
3025,0,10,19
3026,1,11,20
3027,5,11,20
3028,1,11,20
3029,6,10,19
3030,2,11,20
3031,2,12,18
3032,6,10,19
3033,5,11,19
3034,0,10,19
3035,0,11,19
3036,7,11,20
3037,1,11,19
3038,4,13,18
3039,6,11,19
3040,4,10,19
3041,6,10,19
3042,6,10,19
3043,7,12,18
3044,0,10,19
3045,6,12,19
3046,1,11,20
3047,6,11,19
3048,6,11,20
3049,0,10,19
3050,0,11,19
3051,3,11,19
3052,5,11,18
3053,6,11,20
3054,7,12,18
3055,6,11,19
3056,5,11,19
3057,5,11,19
3058,0,10,19
3059,6,11,19
3060,2,10,19
3061,4,12,18
3062,2,12,18
3063,1,11,20
3064,5,11,20
3065,0,10,19
3066,2,11,19
3067,6,12,18
3068,1,12,18
3069,6,11,20
3070,0,10,19
3071,0,10,19
3072,5,12,18
3073,5,10,19
3074,1,12,17
3075,6,11,19
3076,4,11,19
3077,1,10,19
3078,6,11,19
3079,0,10,19
3080,6,11,20
3081,6,10,19
3082,1,10,19
3083,6,10,19
3084,6,11,19
3085,6,11,19
3086,5,10,19
3087,6,11,19
3088,7,11,18
3089,4,11,20
3090,4,11,20
3091,6,11,19
3092,7,11,19
3093,4,11,20
3094,7,12,20
3095,6,11,19
3096,0,10,19
3097,7,11,20
3098,6,10,19
3099,0,10,19
3100,6,11,19
3101,6,10,19
3102,6,11,20
3103,0,11,20
3104,6,12,18
3105,0,11,19
3106,7,10,19
3107,2,11,20
3108,5,12,20
3109,2,11,19
3110,5,11,19
3111,6,11,19
3112,6,11,20
3113,0,11,19
3114,4,10,19
3115,5,11,20
3116,7,11,20
3117,6,11,19
3118,0,12,19
3119,6,10,19
3120,6,12,19
3121,0,10,19
3122,7,13,16
3123,5,11,19
3124,0,10,19
3125,2,11,19
3126,7,12,20
3127,1,12,20
3128,0,11,19
3129,0,11,20
3130,0,11,19
3131,0,11,19
3132,0,11,19
3133,6,11,19
3134,7,12,20
3135,2,11,20
3136,6,11,19
3137,5,12,20
3138,0,12,19
3139,6,11,19
3140,6,11,20
3141,6,11,20
3142,5,11,19
3143,0,10,19
3144,6,11,19
3145,6,12,17
3146,6,11,20
3147,2,11,20
3148,7,12,20
3149,0,10,19
3150,6,11,20
3151,2,13,17
3152,4,11,19
3153,6,10,19
3154,5,10,19
3155,5,11,19
3156,2,11,19
3157,0,10,19
3158,6,11,19
3159,6,11,19
3160,0,10,19
3161,6,10,19
3162,6,10,19
3163,7,12,20
3164,0,10,19
3165,5,11,20
3166,6,11,19
3167,2,11,20
3168,7,11,20
3169,0,12,20
3170,6,10,19
3171,6,11,19
3172,1,11,20
3173,6,10,19
3174,0,11,19
3175,6,11,19
3176,4,11,20
3177,4,11,20
3178,6,11,20
3179,4,11,20
3180,5,11,19
3181,0,11,19
3182,0,11,19
3183,0,10,19
3184,0,11,19
3185,5,11,20
3186,6,12,19
3187,6,12,20
3188,0,10,19
3189,0,10,19
3190,6,11,20
3191,6,12,18
3192,0,11,19
3193,7,11,20
3194,2,11,20
3195,0,11,19
3196,0,10,19
3197,7,11,19
3198,6,10,19
3199,1,12,18
3200,2,12,18
3201,6,10,19
3202,1,10,19
3203,7,11,19
3204,4,10,19
3205,6,11,19
3206,5,11,20
3207,6,10,19
3208,2,10,19
3209,6,12,20
3210,6,11,19
3211,5,10,19
3212,4,11,19
3213,7,12,17
3214,6,11,19
3215,6,11,19
3216,1,12,19
3217,1,12,18
3218,5,12,18
3219,6,11,19
3220,0,11,19
3221,0,10,19
3222,5,12,18
3223,0,11,19
3224,0,11,19
3225,1,10,19
3226,0,11,19
3227,6,11,19
3228,0,10,19
3229,5,12,20
3230,0,11,20
3231,0,10,19
3232,0,10,19
3233,6,11,20
3234,5,11,19
3235,0,10,19
3236,7,11,20
3237,0,11,19
3238,7,11,19
3239,0,11,19
3240,6,11,20
3241,6,11,19
3242,6,11,20
3243,0,10,19
3244,6,12,19
3245,5,12,18
3246,0,10,19
3247,6,11,19
3248,5,11,20
3249,7,12,18
3250,0,10,19
3251,0,11,20
3252,7,12,18
3253,5,11,19
3254,6,10,19
3255,5,11,20
3256,7,12,18
3257,7,11,20
3258,0,10,19
3259,1,11,20
3260,0,11,19
3261,0,11,19
3262,6,10,19
3263,6,12,20
3264,4,11,19
3265,1,11,20
3266,5,11,20
3267,2,11,19
3268,0,10,19
3269,0,10,19
3270,6,10,19
3271,7,12,20
3272,0,11,19
3273,5,10,19
3274,6,10,19
3275,6,11,19
3276,6,11,19
3277,6,11,19
3278,7,11,19
3279,2,11,20
3280,3,10,19
3281,0,11,19
3282,6,11,19
3283,0,10,19
3284,7,11,20
3285,7,13,21
3286,6,11,20
3287,6,10,19
3288,0,10,19
3289,6,11,19
3290,2,11,19
3291,0,11,19
3292,6,11,20
3293,5,11,19
3294,5,12,18
3295,6,11,19
3296,0,10,19
3297,7,12,18
3298,5,11,19
3299,6,10,19
3300,1,11,20
3301,0,10,19
3302,6,11,19
3303,4,10,19
3304,5,11,18
3305,6,10,19
3306,6,11,19
3307,0,11,19
3308,0,10,19
3309,6,11,20
3310,7,12,18
3311,6,11,19
3312,5,11,20
3313,7,11,20
3314,0,11,19
3315,6,11,19
3316,5,11,19
3317,1,12,18
3318,6,10,19
3319,6,11,20
3320,0,11,19
3321,6,11,20
3322,7,12,17
3323,7,12,20
3324,5,10,19
3325,0,10,19
3326,0,10,19
3327,7,11,20
3328,1,11,20
3329,4,12,20
3330,0,10,19
3331,7,11,18
3332,0,10,19
3333,6,10,19
3334,0,10,19
3335,5,11,20
3336,2,11,19
3337,0,10,19
3338,0,10,19
3339,0,11,20
3340,0,10,19
3341,6,10,19
3342,4,12,18
3343,0,10,19
3344,0,11,19
3345,0,10,19
3346,6,11,20
3347,0,11,19
3348,6,11,19
3349,0,10,19
3350,6,10,19
3351,2,11,18
3352,6,11,20
3353,5,11,20
3354,6,11,20
3355,7,11,20
3356,4,12,20
3357,0,10,19
3358,6,11,19
3359,6,11,19
3360,7,12,18
3361,5,11,20
3362,0,10,19
3363,6,11,19
3364,4,11,19
3365,6,12,19
3366,7,12,18
3367,2,12,18
3368,5,12,18
3369,4,11,19
3370,4,11,19
3371,6,10,19
3372,6,11,19
3373,0,10,19
3374,0,11,19
3375,6,11,19
3376,6,11,19
3377,7,11,20
3378,0,10,19
3379,6,10,19
3380,5,10,19
3381,0,10,19
3382,7,13,15
3383,6,11,20
3384,5,11,20
3385,0,11,20
3386,7,12,17
3387,0,10,19
3388,6,10,19
3389,5,10,19
3390,6,11,19
3391,6,10,19
3392,5,11,20
3393,7,11,20
3394,0,10,19
3395,7,12,20
3396,6,11,19
3397,6,11,19
3398,6,10,19
3399,6,11,20
3400,6,10,19
3401,6,11,20
3402,6,11,20
3403,6,11,20
3404,6,11,20
3405,0,10,19
3406,0,10,19
3407,4,12,18
3408,6,11,19
3409,6,12,20
3410,0,11,19
3411,6,10,19
3412,0,10,19
3413,7,12,20
3414,6,11,19
3415,5,10,19
3416,6,10,19
3417,6,10,19
3418,1,11,19
3419,5,10,19
3420,6,11,20
3421,6,11,20
3422,6,10,19
3423,6,11,19
3424,0,10,19
3425,6,10,19
3426,6,11,19
3427,6,10,19
3428,0,10,19
3429,1,11,20
3430,4,10,19
3431,4,10,19
3432,6,10,19
3433,0,11,19
3434,6,12,20
3435,6,11,20
3436,6,12,20
3437,4,11,20
3438,5,12,20
3439,0,11,20
3440,0,10,19
3441,5,12,20
3442,0,10,19
3443,7,12,18
3444,0,10,19
3445,4,11,19
3446,6,11,19
3447,1,10,19
3448,0,11,19
3449,5,11,19
3450,4,12,20
3451,6,10,19
3452,5,10,19
3453,6,10,19
3454,6,10,19
3455,6,11,19
3456,4,12,20
3457,5,11,20
3458,0,10,19
3459,0,10,19
3460,2,12,18
3461,0,10,19
3462,0,10,19
3463,7,11,20
3464,0,11,19
3465,0,10,19
3466,6,10,19
3467,1,11,19
3468,5,10,19
3469,5,11,19
3470,2,11,20
3471,6,11,19
3472,5,11,20
3473,7,12,18
3474,6,11,20
3475,6,11,20
3476,0,10,19
3477,0,10,19
3478,7,12,20
3479,6,11,19
3480,0,11,19
3481,6,10,19
3482,6,11,20
3483,2,12,20
3484,6,11,20
3485,0,10,19
3486,6,10,19
3487,0,11,19
3488,0,11,19
3489,0,10,19
3490,0,10,19
3491,5,11,20
3492,6,11,19
3493,6,11,20
3494,5,11,20
3495,4,11,19
3496,7,12,19
3497,1,12,18
3498,0,11,19
3499,0,10,19
3500,0,10,19
3501,0,11,20
3502,6,10,19
3503,5,12,20
3504,6,11,19
3505,5,11,20
3506,6,10,19
3507,6,11,19
3508,0,10,19
3509,0,10,19
3510,0,11,19
3511,6,12,20
3512,6,12,20
3513,7,11,20
3514,5,12,18
3515,5,11,19
3516,4,12,19
3517,2,11,20
3518,0,11,19
3519,6,11,19
3520,6,11,19
3521,1,10,19
3522,5,11,20
3523,0,10,19
3524,6,10,19
3525,1,11,19
3526,0,11,18
3527,0,11,20
3528,5,11,19
3529,0,10,19
3530,2,11,19
3531,6,10,19
3532,1,10,19
3533,0,10,19
3534,2,11,18
3535,0,11,19
3536,0,11,19
3537,5,10,19
3538,7,11,19
3539,0,10,19
3540,0,11,19
3541,2,11,20
3542,6,12,20
3543,0,11,19
3544,0,11,19
3545,6,11,19
3546,0,10,19
3547,0,10,19
3548,6,10,19
3549,7,12,18
3550,0,10,19
3551,5,10,19
3552,6,11,20
3553,1,12,18
3554,2,11,19
3555,0,10,19
3556,6,11,20
3557,5,11,20
3558,0,11,20
3559,6,10,19
3560,6,10,19
3561,0,10,19
3562,0,11,19
3563,6,11,18
3564,6,11,20
3565,0,10,19
3566,6,11,19
3567,6,12,19
3568,5,12,18
3569,5,11,20
3570,0,11,19
3571,0,11,19
3572,0,11,19
3573,6,11,19
3574,0,10,19
3575,0,10,19
3576,5,11,19
3577,6,12,18
3578,2,11,18
3579,0,10,19
3580,6,11,19
3581,6,11,19
3582,5,11,20
3583,7,11,20
3584,4,11,20
3585,4,10,19
3586,0,10,19
3587,0,11,20
3588,4,12,18
3589,6,11,19
3590,1,11,19
3591,2,10,19
3592,0,11,20
3593,6,10,19
3594,7,11,20
3595,7,11,19
3596,5,11,20
3597,0,11,19
3598,5,12,18
3599,2,11,20
3600,0,10,19
3601,6,12,18
3602,1,11,20
3603,6,11,20
3604,0,12,19
3605,4,12,20
3606,6,11,20
3607,7,12,20
3608,4,12,18
3609,6,10,19
3610,1,11,19
3611,7,12,18
3612,7,12,18
3613,5,11,20
3614,0,11,19
3615,0,11,19
3616,5,11,20
3617,0,10,19
3618,0,11,20
3619,0,10,19
3620,6,10,19
3621,6,10,19
3622,0,11,20
3623,5,12,20
3624,6,11,19
3625,0,10,19
3626,0,10,19
3627,4,11,20
3628,0,10,19
3629,0,11,19
3630,1,10,19
3631,6,10,19
3632,0,10,19
3633,6,11,20
3634,0,11,19
3635,5,12,18
3636,6,11,19
3637,6,11,19
3638,0,10,19
3639,4,11,19
3640,6,11,19
3641,6,11,19
3642,6,11,20
3643,6,12,18
3644,7,11,20
3645,6,11,19
3646,7,13,15
3647,0,10,19
3648,1,11,19
3649,5,11,20
3650,0,11,19
3651,0,10,19
3652,0,12,19
3653,2,12,18
3654,0,11,19
3655,5,10,19
3656,6,11,19
3657,6,11,19
3658,5,10,19
3659,0,11,19
3660,5,12,17
3661,5,11,20
3662,7,12,17
3663,2,12,18
3664,0,11,19
3665,6,11,19
3666,0,11,19
3667,7,12,20
3668,6,10,19
3669,7,11,19
3670,6,12,18
3671,6,10,19
3672,6,11,20
3673,4,11,20
3674,7,11,20
3675,6,10,19
3676,5,11,20
3677,5,10,19
3678,0,11,19
3679,5,11,20
3680,7,12,18
3681,6,11,20
3682,5,10,19
3683,4,11,20
3684,2,11,20
3685,6,11,19
3686,6,10,19
3687,0,11,19
3688,0,10,19
3689,5,11,19
3690,0,11,19
3691,6,11,19
3692,2,11,19
3693,6,10,19
3694,1,11,20
3695,6,11,20
3696,0,11,19
3697,6,11,19
3698,5,11,19
3699,2,12,17
3700,0,11,19
3701,0,10,19
3702,7,12,20
3703,0,10,19
3704,4,12,19
3705,6,11,19
3706,0,10,19
3707,6,11,20
3708,5,11,19
3709,0,10,19
3710,6,11,19
3711,0,10,19
3712,0,11,19
3713,5,11,19
3714,0,10,19
3715,6,12,20
3716,6,11,20
3717,5,12,20
3718,5,11,20
3719,0,11,19
3720,6,10,19
3721,5,11,19
3722,5,11,20
3723,0,10,19
3724,1,11,20
3725,6,12,18
3726,6,11,19
3727,4,11,19
3728,6,11,19
3729,6,11,20
3730,2,11,20
3731,5,12,18
3732,1,11,20
3733,6,11,19
3734,5,11,20
3735,6,11,19
3736,5,11,20
3737,6,11,19
3738,1,11,20
3739,7,12,18
3740,6,10,19
3741,4,10,19
3742,6,11,20
3743,2,11,20
3744,5,11,19
3745,4,12,17
3746,6,11,19
3747,6,11,19
3748,0,11,19
3749,5,12,18
3750,5,11,19
3751,7,11,20
3752,5,11,18
3753,6,11,19
3754,0,11,19
3755,2,11,20
3756,6,11,18
3757,1,12,20
3758,6,11,19
3759,7,12,18
3760,5,11,20
3761,5,10,19
3762,7,12,18
3763,0,10,19
3764,5,12,20
3765,6,10,19
3766,2,12,18
3767,0,10,19
3768,0,11,19
3769,5,12,18
3770,4,10,19
3771,6,10,19
3772,6,11,19
3773,0,11,20
3774,7,12,20
3775,7,13,16
3776,4,11,20
3777,0,10,19
3778,0,11,19
3779,6,11,19
3780,0,10,19
3781,0,10,19
3782,5,12,18
3783,2,11,19
3784,1,10,19
3785,5,11,19
3786,1,11,20
3787,0,10,19
3788,2,13,15
3789,0,10,19
3790,1,11,19
3791,6,11,19
3792,0,11,19
3793,1,12,20
3794,0,11,20
3795,2,11,20
3796,5,11,20
3797,6,11,19
3798,6,11,19
3799,1,11,19
3800,6,10,19
3801,6,11,20
3802,5,11,19
3803,0,10,19
3804,5,11,20
3805,6,10,19
3806,0,10,19
3807,1,11,20
3808,6,11,20
3809,0,10,19
3810,1,11,20
3811,0,10,19
3812,6,10,19
3813,0,11,19
3814,2,11,20
3815,0,11,19
3816,5,11,20
3817,0,10,19
3818,0,11,19
3819,0,11,19
3820,7,12,18
3821,7,10,19
3822,6,12,18
3823,2,11,20
3824,7,11,20
3825,0,10,19
3826,0,10,19
3827,6,12,18
3828,6,10,19
3829,4,12,18
3830,0,10,19
3831,6,11,19
3832,4,12,20
3833,6,11,20
3834,6,11,19
3835,0,10,19
3836,7,11,19
3837,1,12,18
3838,7,11,20
3839,7,11,20
3840,0,10,19
3841,0,11,19
3842,6,10,19
3843,6,11,19
3844,0,10,19
3845,6,11,19
3846,0,11,19
3847,0,10,19
3848,6,10,19
3849,0,11,20
3850,6,10,19
3851,6,11,19
3852,0,10,19
3853,5,11,20
3854,6,9,20
3855,6,10,19
3856,6,10,19
3857,0,10,19
3858,5,10,19
3859,0,10,19
3860,6,10,19
3861,6,11,19
3862,6,11,19
3863,0,10,19
3864,0,11,19
3865,0,10,19
3866,0,10,19
3867,5,11,19
3868,0,11,19
3869,0,10,19
3870,6,11,20
3871,5,12,19
3872,1,11,20
3873,6,10,19
3874,7,12,18
3875,5,11,20
3876,6,11,19
3877,6,11,19
3878,0,11,19
3879,6,11,19
3880,5,10,19
3881,1,11,20
3882,7,12,20
3883,0,11,19
3884,6,11,19
3885,5,12,19
3886,1,11,20
3887,2,12,18
3888,5,11,20
3889,1,11,20
3890,5,11,20
3891,4,11,18
3892,7,11,18
3893,5,10,19
3894,6,11,20
3895,0,10,19
3896,5,10,19
3897,6,11,19
3898,6,10,19
3899,4,11,19
3900,5,12,20
3901,0,11,19
3902,6,11,20
3903,0,10,19
3904,7,11,20
3905,0,11,19
3906,0,10,19
3907,5,11,20
3908,6,11,20
3909,6,10,19
3910,5,11,19
3911,5,10,19
3912,0,10,19
3913,6,11,19
3914,0,10,19
3915,4,11,19
3916,6,11,19
3917,2,12,19
3918,6,10,19
3919,5,11,19
3920,6,11,20
3921,0,10,19
3922,2,11,20
3923,2,12,18
3924,6,10,19
3925,0,11,19
3926,0,11,19
3927,0,11,19
3928,0,10,19
3929,1,11,18
3930,6,11,20
3931,6,11,20
3932,2,10,19
3933,1,11,20
3934,6,11,20
3935,0,11,19
3936,6,11,18
3937,4,11,19
3938,6,12,18
3939,0,11,19
3940,6,10,19
3941,6,12,19
3942,6,11,20
3943,6,11,20
3944,1,11,20
3945,1,11,20
3946,6,11,19
3947,0,11,19
3948,0,10,19
3949,6,11,19
3950,0,11,20
3951,4,12,20
3952,2,13,15
3953,0,11,20
3954,4,12,20
3955,6,11,19
3956,6,11,19
3957,0,11,19
3958,6,11,19
3959,7,11,19
3960,5,11,20
3961,0,11,19
3962,0,10,19
3963,6,11,19
3964,6,11,19
3965,0,10,19
3966,4,10,19
3967,0,10,19
3968,6,11,20
3969,5,11,20
3970,6,11,20
3971,0,10,19
3972,6,11,20
3973,5,10,19
3974,4,11,19
3975,1,12,20
3976,6,10,19
3977,0,11,20
3978,4,11,19
3979,6,11,20
3980,0,10,19
3981,6,11,20
3982,0,10,19
3983,0,10,19
3984,6,11,19
3985,6,10,19
3986,0,10,19
3987,6,10,19
3988,1,12,17
3989,6,12,20
3990,6,11,19
3991,5,11,19
3992,0,11,19
3993,0,10,19
3994,0,10,19
3995,5,10,19
3996,6,10,19
3997,7,12,17
3998,7,11,20
3999,5,12,18
4000,1,12,20
4001,0,10,19
4002,5,11,20
4003,1,8,21
4004,6,10,19
4005,6,11,20
4006,6,11,19
4007,0,11,19
4008,0,11,19
4009,6,11,20
4010,7,11,20
4011,0,11,19
4012,0,10,19
4013,6,11,19
4014,4,12,20
4015,6,11,19
4016,6,10,19
4017,4,12,19
4018,6,11,19
4019,6,11,19
4020,4,10,19
4021,1,11,20
4022,6,10,19
4023,2,12,20
4024,2,11,20
4025,4,11,20
4026,0,10,19
4027,7,11,20
4028,0,11,19
4029,0,11,19
4030,7,11,20
4031,6,10,19
4032,2,11,20
4033,6,12,19
4034,7,13,18
4035,0,11,19
4036,5,11,19
4037,6,11,19
4038,5,11,20
4039,0,10,19
4040,2,12,18
4041,6,10,19
4042,5,10,19
4043,5,11,20
4044,4,12,18
4045,5,11,20
4046,6,11,20
4047,6,11,20
4048,6,10,19
4049,0,11,19
4050,0,10,19
4051,5,10,19
4052,6,10,19
4053,6,11,19
4054,0,11,19
4055,5,11,20
4056,0,11,19
4057,0,11,19
4058,4,11,20
4059,6,11,19
4060,6,10,19
4061,6,11,19
4062,5,11,20
4063,6,11,19
4064,6,11,19
4065,2,12,19
4066,0,12,19
4067,0,11,19
4068,6,10,19
4069,1,11,19
4070,1,11,20
4071,7,11,20
4072,0,10,19
4073,0,11,19
4074,1,12,18
4075,0,11,19
4076,5,11,19
4077,2,11,19
4078,0,10,19
4079,6,11,20
4080,7,12,20
4081,1,12,18
4082,7,11,20
4083,0,11,20
4084,1,10,19
4085,0,11,19
4086,5,11,19
4087,6,10,19
4088,6,10,19
4089,7,11,20
4090,7,12,15
4091,6,11,20
4092,6,11,20
4093,2,12,18
4094,0,11,20
4095,6,10,19
4096,0,11,19
4097,7,11,20
4098,0,11,19
4099,5,11,20
4100,6,11,19
4101,5,12,18
4102,6,10,19
4103,4,12,19
4104,0,11,20
4105,0,11,19
4106,5,11,19
4107,0,11,19
4108,0,11,20
4109,2,11,19
4110,7,12,18
4111,6,11,19
4112,4,11,19
4113,7,13,16
4114,5,12,18
4115,6,11,20
4116,5,11,19
4117,6,11,19
4118,6,10,19
4119,0,11,19
4120,7,11,20
4121,6,10,19
4122,0,10,19
4123,5,11,20
4124,7,13,17
4125,0,10,19
4126,6,11,19
4127,2,11,20
4128,0,10,19
4129,6,11,19
4130,1,11,20
4131,5,11,18
4132,2,12,20
4133,1,11,19
4134,7,11,20
4135,0,10,19
4136,7,11,20
4137,6,11,20
4138,0,10,19
4139,0,11,19
4140,6,10,19
4141,5,11,20
4142,6,11,20
4143,6,11,20
4144,6,11,18
4145,5,12,20
4146,6,11,19
4147,6,10,19
4148,6,11,20
4149,6,11,19
4150,0,10,19
4151,5,12,18
4152,6,10,19
4153,1,11,20
4154,1,12,18
4155,6,10,19
4156,6,10,19
4157,2,11,20
4158,1,11,20
4159,5,12,18
4160,0,11,19
4161,6,11,19
4162,6,11,19
4163,5,11,20
4164,0,10,19
4165,5,12,19
4166,2,12,17
4167,2,12,20
4168,0,10,19
4169,0,10,19
4170,5,12,19
4171,6,12,20
4172,1,11,20
4173,0,10,19
4174,6,11,19
4175,6,11,19
4176,2,12,20
4177,2,11,20
4178,1,12,20
4179,7,11,20
4180,0,10,19
4181,2,12,18
4182,2,11,19
4183,6,11,20
4184,7,11,20
4185,2,11,19
4186,6,11,19
4187,0,11,20
4188,5,12,18
4189,7,11,18
4190,7,11,18
4191,6,11,19
4192,2,11,20
4193,0,11,20
4194,2,12,18
4195,7,12,19
4196,0,11,19
4197,2,12,20
4198,2,12,18
4199,7,11,19
4200,1,11,19
4201,6,10,19
4202,6,11,20
4203,0,10,19
4204,0,10,19
4205,6,10,19
4206,0,10,19
4207,4,12,17
4208,0,10,19
4209,6,10,19
4210,6,11,20
4211,0,11,19
4212,5,11,20
4213,4,11,19
4214,6,12,19
4215,6,11,19
4216,1,11,18
4217,0,10,19
4218,2,11,20
4219,7,11,18
4220,7,12,19
4221,0,10,19
4222,7,10,19
4223,0,11,19
4224,0,11,20
4225,6,11,19
4226,6,11,19
4227,0,11,19
4228,4,12,18
4229,0,10,19
4230,0,10,19
4231,0,11,19
4232,0,10,19
4233,7,12,18
4234,0,10,19
4235,0,10,19
4236,1,11,20
4237,6,11,20
4238,1,11,19
4239,6,11,19
4240,0,11,19
4241,4,11,20
4242,7,11,20
4243,6,12,20
4244,0,10,19
4245,7,11,20
4246,7,11,20
4247,0,11,19
4248,2,11,20
4249,6,12,19
4250,6,11,20
4251,0,11,19
4252,6,10,19
4253,6,11,19
4254,6,11,19
4255,6,11,19
4256,6,10,19
4257,6,11,20
4258,7,11,18
4259,5,11,20
4260,6,10,19
4261,0,10,19
4262,1,11,20
4263,0,10,19
4264,0,10,19
4265,4,12,18
4266,0,10,19
4267,1,11,18
4268,7,12,18
4269,2,10,19
4270,6,10,19
4271,0,11,19
4272,7,12,18
4273,0,10,19
4274,6,10,19
4275,4,12,17
4276,6,12,20
4277,5,11,18
4278,2,11,19
4279,6,12,20
4280,4,12,20
4281,7,11,18
4282,2,12,18
4283,6,11,20
4284,1,11,20
4285,0,10,19
4286,6,12,20
4287,7,10,19
4288,6,11,20
4289,6,12,20
4290,0,10,19
4291,5,11,19
4292,7,11,20
4293,6,10,19
4294,0,10,19
4295,5,11,20
4296,6,11,19
4297,5,11,19
4298,0,11,19
4299,7,11,20
4300,0,10,19
4301,5,11,20
4302,1,11,20
4303,0,11,19
4304,2,12,20
4305,1,11,20
4306,4,10,19
4307,0,11,19
4308,5,11,19
4309,6,10,19
4310,0,10,19
4311,0,11,19
4312,0,10,19
4313,6,10,19
4314,7,11,19
4315,6,10,19
4316,2,12,18
4317,6,11,20
4318,7,10,19
4319,6,10,19
4320,6,11,19
4321,4,11,19
4322,6,11,20
4323,6,12,17
4324,5,11,20
4325,7,12,19
4326,6,11,19
4327,7,11,20
4328,0,10,19
4329,0,11,19
4330,0,11,19
4331,6,11,19
4332,7,12,18
4333,0,11,19
4334,1,11,20
4335,0,10,19
4336,6,11,20
4337,6,11,19
4338,6,10,19
4339,6,11,20
4340,2,11,19
4341,0,10,19
4342,6,11,19
4343,5,11,19
4344,5,12,18
4345,5,11,20
4346,5,11,20
4347,6,10,19
4348,6,12,19
4349,0,11,19
4350,6,10,19
4351,6,10,19
4352,0,10,19
4353,5,11,20
4354,6,11,19
4355,0,10,19
4356,6,11,20
4357,7,12,18
4358,1,12,18
4359,6,11,19
4360,6,11,19
4361,0,10,19
4362,0,12,19
4363,6,12,19
4364,5,11,20
4365,6,11,19
4366,7,10,19
4367,5,11,20
4368,6,11,19
4369,1,11,20
4370,6,10,19
4371,0,11,19
4372,1,10,19
4373,7,11,20
4374,5,11,20
4375,0,10,19
4376,6,10,19
4377,0,11,19
4378,0,11,19
4379,0,10,19
4380,6,12,20
4381,6,11,19
4382,7,11,20
4383,2,13,21
4384,6,11,20
4385,0,10,19
4386,6,11,19
4387,4,12,18
4388,6,11,19
4389,2,11,20
4390,0,11,19
4391,7,12,18
4392,5,11,20
4393,7,11,19
4394,0,10,19
4395,7,11,20
4396,6,10,19
4397,7,13,20
4398,2,11,19
4399,0,10,19
4400,2,11,20
4401,6,11,19
4402,0,10,19
4403,6,11,19
4404,7,11,20
4405,6,11,19
4406,0,10,19
4407,4,11,20
4408,0,10,19
4409,5,10,19
4410,5,11,19
4411,0,11,19
4412,0,10,19
4413,5,11,20
4414,4,12,20
4415,5,12,18
4416,2,11,20
4417,1,11,19
4418,0,10,19
4419,6,11,19
4420,6,11,20
4421,7,11,20
4422,6,10,19
4423,5,11,20
4424,6,11,19
4425,6,12,18
4426,2,13,15
4427,5,12,18
4428,0,10,19
4429,6,10,19
4430,0,11,19
4431,6,10,19
4432,0,10,19
4433,0,10,19
4434,6,11,20
4435,2,11,20
4436,6,11,19
4437,4,12,18
4438,0,10,19
4439,0,10,19
4440,6,10,19
4441,0,10,19
4442,0,10,19
4443,6,13,18
4444,6,11,19
4445,0,10,19
4446,0,10,19
4447,0,10,19
4448,0,10,19
4449,0,10,19
4450,5,11,19
4451,6,11,19
4452,6,11,20
4453,6,10,19
4454,0,11,20
4455,1,12,15
4456,4,12,18
4457,5,12,18
4458,5,11,20
4459,6,11,19
4460,6,11,19
4461,0,11,19
4462,6,12,20
4463,5,11,20
4464,7,11,20
4465,5,12,18
4466,6,12,20
4467,1,11,20
4468,6,10,19
4469,6,11,19
4470,0,11,19
4471,6,11,19
4472,6,11,20
4473,7,11,19
4474,1,11,20
4475,0,11,20
4476,0,11,19
4477,2,11,19
4478,0,10,19
4479,6,10,19
4480,5,11,20
4481,0,10,19
4482,0,10,19
4483,0,10,19
4484,5,10,19
4485,5,11,18
4486,1,12,20
4487,5,10,19
4488,6,11,20
4489,6,11,19
4490,0,11,20
4491,4,10,19
4492,1,11,19
4493,6,11,19
4494,0,10,19
4495,0,11,19
4496,4,12,20
4497,2,11,20
4498,6,11,19
4499,6,11,19
4500,7,12,18
4501,7,12,18
4502,0,10,19
4503,6,11,19
4504,2,11,20
4505,0,11,20
4506,0,11,19
4507,5,11,19
4508,1,12,18
4509,0,11,19
4510,0,10,19
4511,5,11,20
4512,0,11,19
4513,2,12,20
4514,0,10,19
4515,5,11,19
4516,0,10,19
4517,6,11,20
4518,5,10,19
4519,4,11,20
4520,6,11,19
4521,6,11,19
4522,6,11,19
4523,7,12,18
4524,6,11,19
4525,2,11,20
4526,7,11,20
4527,6,11,20
4528,6,12,20
4529,0,10,19
4530,0,10,19
4531,0,10,19
4532,2,11,19
4533,5,12,18
4534,7,11,19
4535,6,11,20
4536,0,11,19
4537,0,10,19
4538,7,12,17
4539,0,11,19
4540,7,11,20
4541,6,12,20
4542,1,11,19
4543,2,11,19
4544,6,10,19
4545,6,10,19
4546,0,10,19
4547,0,11,20
4548,6,11,19
4549,6,12,20
4550,0,10,19
4551,5,11,20
4552,6,12,18
4553,0,10,19
4554,7,12,18
4555,5,10,19
4556,0,10,19
4557,7,10,19
4558,7,11,19
4559,7,12,18
4560,1,11,19
4561,4,11,18
4562,0,10,19
4563,0,10,19
4564,6,10,19
4565,6,10,19
4566,4,11,19
4567,0,11,19
4568,0,11,19
4569,7,11,20
4570,0,10,19
4571,1,11,20
4572,5,11,20
4573,5,12,20
4574,1,11,20
4575,6,11,19
4576,5,11,20
4577,6,10,19
4578,6,11,20
4579,5,10,19
4580,0,11,19
4581,5,11,20
4582,5,12,18
4583,7,13,16
4584,0,10,19
4585,0,10,19
4586,5,11,19
4587,0,10,19
4588,6,12,20
4589,5,11,20
4590,4,11,20
4591,0,11,19
4592,4,12,20
4593,0,10,19
4594,0,10,19
4595,0,11,19
4596,0,11,19
4597,7,12,18
4598,0,10,19
4599,2,10,19
4600,6,11,20
4601,7,12,18
4602,0,11,19
4603,4,11,20
4604,7,11,20
4605,6,11,19
4606,5,12,18
4607,1,11,20
4608,2,12,18
4609,7,11,20
4610,5,12,18
4611,7,12,19
4612,1,11,19
4613,6,10,19
4614,1,12,20
4615,6,11,19
4616,1,11,19
4617,0,10,19
4618,5,11,20
4619,7,12,18
4620,5,11,19
4621,7,11,18
4622,2,11,20
4623,6,11,19
4624,7,11,19
4625,0,10,19
4626,7,12,18
4627,0,10,19
4628,7,11,20
4629,7,11,20
4630,5,11,20
4631,0,11,19
4632,6,11,20
4633,0,11,19
4634,4,11,18
4635,0,11,19
4636,5,11,20
4637,6,12,19
4638,4,11,18
4639,6,12,19
4640,7,11,19
4641,5,12,18
4642,5,12,18
4643,5,12,18
4644,0,10,19
4645,6,11,19
4646,1,11,19
4647,6,11,19
4648,7,13,15
4649,0,10,19
4650,0,11,19
4651,5,10,19
4652,6,11,19
4653,1,11,19
4654,2,12,18
4655,6,10,19
4656,0,10,19
4657,0,10,19
4658,7,12,17
4659,5,11,19
4660,6,10,19
4661,0,11,19
4662,4,10,19
4663,0,11,19
4664,6,10,19
4665,4,12,18
4666,6,10,19
4667,0,10,19
4668,6,12,18
4669,7,11,20
4670,2,10,19
4671,0,10,19
4672,0,11,20
4673,6,11,20
4674,6,11,19
4675,6,11,19
4676,0,10,19
4677,0,10,19
4678,0,11,20
4679,6,10,19
4680,5,12,18
4681,0,10,19
4682,0,10,19
4683,6,10,19
4684,6,10,19
4685,2,11,20
4686,6,11,19
4687,0,11,19
4688,7,12,18
4689,1,11,19
4690,0,10,19
4691,1,11,20
4692,4,11,20
4693,0,10,19
4694,6,11,19
4695,1,11,20
4696,0,11,19
4697,6,11,19
4698,7,11,20
4699,1,11,19
4700,6,10,19
4701,6,11,19
4702,0,11,19
4703,7,11,20
4704,5,11,19
4705,4,11,20
4706,6,10,19
4707,7,11,20
4708,6,11,19
4709,4,12,18
4710,1,10,19
4711,0,11,20
4712,5,11,20
4713,4,11,19
4714,7,12,18
4715,6,10,19
4716,0,11,19
4717,6,11,19
4718,4,11,20
4719,6,11,19
4720,6,12,19
4721,6,12,18
4722,0,10,19
4723,0,11,19
4724,1,11,20
4725,6,11,20
4726,6,11,19
4727,0,10,19
4728,6,11,20
4729,0,10,19
4730,6,11,19
4731,6,11,19
4732,6,10,19
4733,0,10,19
4734,1,12,20
4735,5,11,19
4736,7,12,17
4737,6,10,19
4738,6,11,20
4739,7,11,20
4740,5,11,20
4741,0,12,20
4742,0,10,19
4743,6,10,19
4744,7,12,20
4745,5,10,19
4746,6,10,19
4747,0,11,19
4748,0,11,19
4749,6,10,19
4750,6,11,19
4751,6,11,20
4752,6,10,19
4753,6,10,19
4754,0,10,19
4755,0,10,19
4756,0,11,19
4757,0,10,19
4758,5,11,20
4759,0,10,19
4760,2,12,20
4761,1,13,15
4762,0,10,19
4763,0,11,19
4764,6,10,19
4765,6,11,20
4766,5,11,19
4767,0,11,20
4768,5,12,19
4769,0,11,19
4770,0,11,19
4771,0,11,19
4772,6,11,19
4773,6,10,19
4774,6,10,19
4775,0,11,19
4776,6,11,19
4777,7,12,18
4778,6,10,19
4779,2,11,20
4780,6,12,19
4781,0,11,19
4782,6,10,19
4783,2,12,20
4784,6,11,20
4785,6,11,19
4786,6,10,19
4787,0,10,19
4788,4,11,19
4789,6,11,20
4790,5,12,20
4791,7,13,21
4792,1,13,18
4793,1,13,18
4794,2,11,20
4795,5,11,20
4796,1,11,20
4797,1,14,17
4798,5,11,20
4799,7,11,20
4800,6,10,19
4801,6,11,19
4802,6,10,19
4803,6,10,19
4804,0,11,20
4805,0,11,19
4806,5,11,19
4807,6,11,20
4808,7,12,18
4809,0,11,19
4810,0,10,19
4811,1,11,20
4812,0,10,19
4813,2,13,21
4814,0,10,19
4815,4,10,19
4816,7,12,20
4817,0,10,19
4818,0,11,19
4819,6,10,19
4820,0,10,19
4821,6,11,20
4822,7,11,20
4823,7,11,20
4824,0,10,19
4825,6,11,19
4826,6,11,20
4827,6,11,19
4828,6,10,19
4829,2,11,20
4830,0,10,19
4831,6,11,20
4832,7,11,20
4833,6,10,19
4834,1,10,19
4835,0,11,19
4836,6,10,19
4837,0,12,19
4838,6,10,19
4839,0,10,19
4840,4,11,19
4841,7,10,19
4842,6,12,20
4843,6,12,20
4844,6,11,19
4845,6,12,19
4846,4,11,19
4847,5,10,19
4848,7,12,18
4849,5,11,18
4850,7,12,18
4851,6,11,19
4852,7,11,20
4853,2,11,18
4854,2,11,20
4855,6,11,19
4856,2,10,19
4857,6,11,19
4858,6,10,19
4859,7,11,20
4860,4,11,18
4861,6,10,19
4862,1,11,20
4863,7,13,21
4864,4,11,19
4865,6,10,19
4866,0,10,19
4867,0,11,19
4868,6,11,19
4869,5,11,19
4870,1,11,19
4871,4,10,19
4872,0,10,19
4873,6,11,20
4874,1,11,20
4875,6,11,20
4876,0,11,19
4877,0,10,19
4878,4,11,20
4879,0,10,19
4880,5,11,20
4881,5,11,19
4882,6,11,19
4883,6,10,19
4884,0,10,19
4885,6,11,20
4886,0,11,20
4887,0,10,19
4888,4,10,19
4889,6,11,19
4890,7,12,20
4891,0,11,19
4892,6,11,19
4893,0,11,20
4894,5,11,19
4895,6,10,19
4896,6,11,20
4897,7,12,20
4898,1,12,18
4899,6,11,20
4900,0,10,19
4901,5,10,19
4902,0,10,19
4903,1,11,20
4904,0,10,19
4905,5,10,19
4906,7,12,17
4907,1,11,19
4908,0,10,19
4909,4,11,19
4910,6,11,19
4911,0,10,19
4912,5,11,20
4913,4,11,20
4914,4,12,18
4915,6,11,19
4916,7,12,18
4917,6,12,19
4918,0,11,19
4919,0,11,19
4920,0,10,19
4921,6,11,19
4922,2,12,18
4923,0,11,19
4924,6,12,18
4925,0,10,19
4926,6,11,19
4927,6,11,19
4928,6,11,20
4929,6,11,19
4930,6,12,19
4931,6,12,19
4932,6,11,19
4933,6,11,20
4934,1,11,20
4935,7,11,19
4936,0,11,19
4937,6,10,19
4938,0,11,19
4939,7,12,18
4940,4,11,20
4941,7,11,19
4942,6,10,19
4943,0,11,19
4944,4,12,19
4945,4,11,19
4946,6,11,20
4947,6,10,19
4948,6,10,19
4949,0,10,19
4950,6,10,19
4951,5,11,19
4952,7,13,18
4953,5,11,20
4954,1,11,19
4955,2,12,17
4956,6,11,20
4957,6,11,19
4958,0,11,19
4959,0,11,19
4960,2,12,18
4961,6,12,20
4962,1,10,19
4963,6,12,18
4964,5,12,20
4965,0,10,19
4966,7,12,18
4967,0,11,19
4968,0,10,19
4969,5,11,20
4970,0,11,19
4971,0,11,20
4972,5,12,20
4973,0,10,19
4974,6,11,19
4975,0,10,19
4976,6,11,20
4977,2,11,19
4978,6,10,19
4979,0,10,19
4980,7,12,18
4981,0,10,19
4982,2,11,20
4983,4,11,20
4984,6,10,19
4985,6,11,19
4986,6,11,20
4987,0,11,20
4988,0,10,19
4989,3,11,19
4990,0,10,19
4991,6,11,19
4992,5,11,20
4993,0,10,19
4994,0,11,19
4995,6,11,19
4996,7,12,20
4997,6,11,20
4998,0,11,20
4999,0,11,19
5000,6,11,19
5001,6,11,20
5002,1,11,20
5003,6,11,19
5004,7,11,20
5005,5,11,20
5006,7,12,18
5007,6,11,19
5008,0,10,19
5009,0,10,19
5010,7,11,20
5011,2,11,20
5012,0,10,19
5013,6,11,19
5014,0,10,19
5015,0,10,19
5016,0,10,19
5017,6,10,19
5018,5,11,20
5019,0,10,19
5020,6,11,19
5021,6,11,19
5022,5,11,18
5023,7,13,15
5024,7,12,18
5025,6,10,19
5026,0,11,19
5027,4,11,20
5028,2,12,20
5029,0,11,19
5030,0,10,19
5031,1,11,19
5032,7,11,20
5033,2,11,19
5034,0,10,19
5035,6,11,19
5036,7,11,20
5037,0,10,19
5038,0,11,19
5039,5,11,19
5040,0,11,19
5041,6,11,19
5042,6,11,19
5043,1,11,20
5044,6,11,19
5045,0,10,19
5046,6,10,19
5047,6,11,19
5048,2,11,20
5049,6,11,19
5050,1,11,20
5051,7,11,20
5052,6,11,19
5053,6,11,19
5054,7,12,20
5055,0,10,19
5056,0,10,19
5057,0,11,19
5058,0,11,19
5059,0,11,19
5060,7,12,18
5061,4,11,20
5062,6,11,19
5063,0,11,19
5064,1,11,20
5065,0,11,19
5066,6,10,19
5067,6,11,19
5068,6,10,19
5069,6,11,19
5070,5,11,19
5071,6,10,19
5072,7,12,20
5073,6,11,19
5074,6,11,20
5075,0,12,19
5076,0,10,19
5077,6,10,19
5078,6,11,19
5079,6,11,20
5080,5,12,20
5081,0,10,19
5082,6,10,19
5083,0,11,19
5084,4,11,19
5085,5,12,19
5086,5,11,19
5087,7,11,20
5088,7,11,20
5089,0,10,19
5090,6,10,19
5091,4,11,20
5092,6,11,19
5093,0,12,20
5094,5,11,20
5095,5,11,20
5096,0,11,19
5097,7,11,20
5098,6,10,19
5099,1,11,19
5100,6,12,18
5101,0,10,19
5102,6,11,20
5103,1,11,20
5104,0,10,19
5105,6,10,19
5106,0,10,19
5107,0,10,19
5108,0,10,19
5109,0,11,19
5110,0,10,19
5111,6,11,19
5112,5,11,20
5113,0,10,19
5114,1,12,20
5115,4,11,19
5116,5,11,19
5117,0,10,19
5118,6,12,19
5119,7,12,20
5120,4,11,20
5121,4,12,18
5122,1,11,19
5123,7,11,20
5124,6,11,19
5125,5,12,19
5126,6,11,19
5127,1,11,19
5128,6,11,20
5129,7,12,18
5130,0,11,20
5131,6,11,20
5132,0,10,19
5133,5,11,20
5134,5,12,20
5135,6,10,19
5136,2,11,20
5137,5,11,20
5138,6,10,19
5139,0,10,19
5140,4,11,20
5141,0,10,19
5142,1,11,18
5143,0,10,19
5144,0,10,19
5145,7,12,18
5146,0,10,19
5147,0,10,19
5148,6,10,19
5149,6,11,19
5150,0,11,20
5151,4,12,18
5152,0,10,19
5153,7,12,18
5154,4,11,19
5155,0,10,19
5156,6,11,19
5157,0,11,19
5158,5,11,19
5159,1,10,19
5160,0,10,19
5161,7,11,18
5162,6,10,19
5163,0,10,19
5164,6,11,19
5165,6,11,20
5166,7,11,18
5167,5,10,19
5168,6,11,19
5169,6,11,19
5170,5,12,20
5171,4,12,18
5172,0,10,19
5173,6,11,18
5174,0,10,19
5175,6,11,20
5176,1,12,19
5177,5,11,19
5178,7,11,20
5179,1,10,19
5180,6,11,19
5181,0,10,19
5182,6,10,19
5183,1,10,19
5184,2,11,19
5185,6,12,18
5186,6,11,20
5187,5,11,19
5188,0,11,19
5189,6,11,19
5190,0,11,19
5191,5,12,17
5192,7,11,20
5193,6,12,20
5194,6,11,19
5195,4,11,20
5196,7,12,19
5197,6,10,19
5198,5,11,20
5199,0,10,19
5200,1,11,19
5201,1,12,18
5202,5,11,19
5203,6,10,19
5204,6,11,19
5205,6,11,19
5206,5,10,19
5207,0,10,19
5208,0,10,19
5209,0,10,19
5210,0,11,19
5211,0,10,19
5212,5,10,19
5213,5,11,19
5214,1,10,19
5215,6,11,19
5216,4,11,19
5217,6,11,19
5218,0,10,19
5219,1,10,19
5220,0,12,19
5221,0,12,19
5222,0,10,19
5223,6,11,20
5224,7,11,20
5225,0,10,19
5226,7,11,20
5227,0,11,19
5228,5,11,19
5229,7,11,20
5230,6,10,19
5231,0,11,20
5232,2,11,20
5233,5,11,20
5234,0,11,19
5235,6,11,19
5236,6,12,18
5237,6,11,20
5238,2,11,19
5239,5,11,19
5240,6,11,20
5241,4,11,20
5242,7,12,18
5243,4,11,20
5244,5,11,19
5245,5,11,19
5246,6,11,20
5247,7,12,18
5248,5,10,19
5249,5,12,18
5250,6,12,20
5251,2,11,18
5252,0,10,19
5253,6,10,19
5254,4,11,19
5255,6,11,19
5256,0,10,19
5257,6,10,19
5258,6,10,19
5259,5,11,19
5260,0,11,19
5261,4,11,19
5262,1,12,18
5263,7,11,20
5264,1,11,20
5265,6,10,19
5266,1,11,20
5267,2,11,19
5268,6,10,19
5269,0,10,19
5270,0,10,19
5271,0,10,19
5272,0,11,20
5273,6,12,20
5274,0,11,19
5275,2,12,18
5276,6,11,19
5277,6,10,19
5278,6,11,19
5279,6,10,19
5280,6,11,20
5281,0,10,19
5282,5,11,20
5283,0,11,19
5284,6,11,19
5285,6,11,19
5286,6,11,19
5287,0,11,20
5288,2,11,20
5289,0,10,19
5290,0,11,19
5291,7,11,20
5292,7,11,20
5293,6,12,20
5294,0,10,19
5295,0,10,19
5296,0,10,19
5297,6,10,19
5298,4,11,20
5299,0,10,19
5300,2,12,20
5301,0,11,19
5302,6,12,20
5303,6,11,19
5304,0,10,19
5305,6,11,19
5306,6,10,19
5307,6,10,19
5308,6,12,20
5309,0,10,19
5310,0,11,19
5311,0,10,19
5312,0,11,19
5313,6,10,19
5314,5,12,17
5315,6,11,20
5316,0,11,19
5317,4,12,18
5318,6,11,19
5319,4,11,20
5320,2,11,20
5321,6,11,19
5322,1,11,20
5323,6,10,19
5324,1,11,20
5325,0,10,19
5326,6,11,20
5327,6,10,19
5328,7,11,18
5329,7,11,20
5330,7,12,18
5331,6,10,19
5332,6,11,19
5333,6,12,18
5334,0,11,19
5335,6,10,19
5336,6,11,20
5337,6,12,20
5338,1,12,18
5339,0,10,19
5340,6,11,20
5341,6,10,19
5342,0,10,19
5343,5,11,20
5344,2,13,21
5345,0,10,19
5346,6,11,19
5347,6,11,19
5348,6,10,19
5349,7,12,18
5350,6,11,19
5351,6,11,19
5352,6,11,20
5353,0,10,19
5354,6,12,20
5355,7,11,20
5356,2,10,19
5357,6,11,20
5358,4,11,20
5359,1,11,20
5360,6,11,20
5361,6,11,19
5362,0,11,19
5363,0,11,19
5364,6,11,19
5365,6,11,20
5366,6,11,19
5367,6,12,18
5368,0,11,19
5369,6,11,19
5370,7,10,19
5371,4,11,20
5372,6,11,20
5373,6,10,19
5374,6,12,20
5375,6,11,20
5376,6,11,19
5377,6,11,19
5378,6,11,20
5379,0,10,19
5380,0,11,19
5381,1,11,19
5382,2,11,20
5383,6,11,19
5384,6,11,20
5385,7,12,18
5386,0,11,19
5387,2,11,19
5388,0,11,19
5389,1,11,19
5390,0,10,19
5391,1,12,19
5392,0,10,19
5393,0,11,19
5394,5,11,20
5395,6,11,19
5396,7,12,18
5397,1,12,18
5398,6,10,19
5399,1,11,20
5400,2,12,18
5401,6,11,20
5402,0,10,19
5403,2,12,21
5404,7,11,20
5405,6,11,20
5406,6,11,19
5407,6,10,19
5408,1,12,17
5409,7,12,20
5410,6,10,19
5411,6,11,18
5412,5,11,18
5413,5,10,19
5414,4,12,20
5415,6,10,19
5416,6,10,19
5417,0,10,19
5418,7,12,20
5419,7,11,20
5420,5,11,20
5421,0,11,19
5422,6,12,19
5423,6,10,19
5424,2,13,21
5425,6,10,19
5426,3,11,19
5427,2,11,19
5428,1,11,20
5429,0,10,19
5430,5,12,18
5431,0,10,19
5432,4,11,19
5433,6,10,19
5434,1,11,19
5435,6,10,19
5436,6,11,20
5437,0,10,19
5438,0,10,19
5439,7,12,19
5440,6,11,19
5441,6,10,19
5442,0,10,19
5443,2,12,17
5444,5,12,18
5445,7,11,20
5446,1,10,19
5447,1,10,19
5448,7,12,18
5449,5,12,19
5450,2,11,20
5451,7,11,20
5452,0,10,19
5453,5,11,20
5454,6,11,20
5455,0,11,19
5456,6,11,19
5457,0,10,19
5458,6,11,20
5459,4,11,19
5460,5,11,19
5461,1,11,20
5462,7,12,17
5463,4,11,20
5464,0,10,19
5465,5,11,20
5466,0,10,19
5467,7,11,19
5468,6,11,20
5469,4,11,20
5470,6,11,19
5471,7,11,19
5472,6,10,19
5473,6,10,19
5474,6,12,20
5475,6,10,19
5476,6,10,19
5477,4,11,20
5478,0,10,19
5479,6,11,20
5480,7,11,20
5481,6,12,18
5482,2,12,18
5483,6,11,20
5484,0,11,19
5485,0,10,19
5486,6,10,19
5487,6,10,19
5488,6,11,19
5489,1,12,17
5490,6,10,19
5491,5,11,20
5492,6,11,20
5493,1,12,20
5494,6,10,19
5495,6,11,19
5496,0,10,19
5497,0,11,20
5498,6,10,19
5499,1,13,20
5500,1,11,20
5501,0,11,20
5502,0,11,19
5503,6,11,19
5504,4,11,20
5505,0,10,19
5506,5,11,19
5507,1,12,18
5508,5,11,19
5509,0,10,19
5510,7,13,21
5511,6,11,20
5512,4,11,20
5513,0,11,19
5514,6,10,19
5515,0,10,19
5516,2,11,19
5517,4,11,18
5518,1,11,19
5519,5,12,19
5520,6,11,20
5521,6,11,19
5522,0,11,19
5523,2,12,17
5524,6,12,19
5525,6,11,18
5526,0,10,19
5527,0,10,19
5528,2,11,20
5529,6,11,20
5530,0,11,19
5531,0,11,19
5532,2,11,20
5533,5,11,19
5534,6,11,19
5535,4,12,17
5536,2,11,20
5537,5,11,19
5538,6,10,19
5539,1,10,19
5540,7,11,20
5541,0,10,19
5542,5,11,20
5543,0,11,19
5544,6,10,19
5545,4,12,18
5546,5,11,20
5547,0,11,19
5548,5,11,20
5549,6,10,19
5550,4,10,19
5551,4,13,15
5552,6,11,19
5553,6,10,19
5554,5,11,20
5555,0,10,19
5556,6,11,20
5557,6,11,20
5558,1,10,19
5559,5,11,20
5560,5,11,20
5561,6,11,20
5562,0,10,19
5563,0,10,19
5564,7,11,20
5565,0,10,19
5566,1,10,19
5567,2,11,19
5568,0,11,19
5569,7,11,19
5570,1,12,20
5571,6,11,20
5572,6,11,19
5573,2,12,18
5574,7,11,20
5575,5,11,19
5576,0,11,19
5577,0,11,20
5578,1,13,21
5579,6,11,19
5580,1,11,20
5581,1,11,19
5582,0,11,19
5583,6,11,19
5584,0,10,19
5585,6,11,20
5586,5,11,20
5587,0,11,19
5588,0,11,19
5589,0,10,19
5590,7,11,19
5591,6,11,19
5592,6,12,20
5593,0,11,20
5594,0,10,19
5595,6,11,19
5596,5,12,18
5597,6,10,19
5598,0,10,19
5599,5,10,19
5600,6,10,19
5601,6,10,19
5602,5,10,19
5603,7,11,20
5604,0,12,19
5605,0,10,19
5606,6,11,19
5607,0,10,19
5608,2,11,19
5609,7,12,18
5610,5,11,20
5611,0,11,19
5612,6,11,20
5613,6,10,19
5614,0,10,19
5615,6,11,19
5616,0,10,19
5617,7,11,18
5618,6,11,19
5619,6,10,19
5620,0,11,20
5621,6,10,19
5622,5,11,19
5623,6,10,19
5624,0,11,19
5625,6,12,20
5626,7,12,18
5627,0,11,19
5628,7,11,20
5629,6,11,19
5630,7,12,17
5631,4,11,20
5632,0,10,19
5633,0,11,19
5634,6,12,18
5635,5,12,19
5636,7,11,19
5637,6,11,19
5638,6,11,20
5639,6,10,19
5640,5,11,18
5641,6,11,20
5642,6,11,20
5643,4,12,18
5644,5,11,19
5645,5,12,19
5646,6,11,20
5647,6,10,19
5648,0,10,19
5649,0,11,20
5650,6,10,19
5651,0,10,19
5652,0,10,19
5653,0,11,19
5654,6,10,19
5655,0,10,19
5656,6,10,19
5657,5,11,19
5658,6,11,19
5659,6,10,19
5660,0,11,19
5661,6,10,19
5662,6,11,19
5663,2,11,20
5664,0,10,19
5665,0,10,19
5666,0,11,19
5667,6,11,20
5668,5,12,19
5669,6,11,19
5670,7,12,20
5671,5,11,20
5672,2,11,20
5673,0,10,19
5674,6,10,19
5675,0,11,19
5676,7,12,20
5677,6,11,20
5678,5,11,20
5679,7,11,20
5680,7,11,20
5681,0,10,19
5682,6,10,19
5683,6,10,19
5684,6,11,19
5685,7,12,18
5686,0,11,20
5687,6,10,19
5688,2,11,19
5689,6,11,20
5690,5,11,20
5691,5,11,19
5692,0,10,19
5693,6,11,20
5694,6,11,19
5695,1,12,18
5696,0,10,19
5697,0,11,19
5698,6,10,19
5699,7,11,19
5700,6,10,19
5701,4,11,19
5702,0,10,19
5703,1,11,18
5704,6,12,19
5705,5,10,19
5706,5,11,20
5707,5,11,19
5708,0,10,19
5709,6,11,20
5710,6,10,19
5711,0,11,19
5712,5,12,18
5713,6,12,20
5714,6,11,19
5715,5,12,20
5716,2,13,18
5717,1,11,19
5718,0,11,20
5719,0,11,19
5720,0,10,19
5721,0,11,19
5722,0,10,19
5723,6,11,19
5724,6,11,20
5725,1,12,18
5726,6,11,19
5727,6,11,19
5728,0,10,19
5729,6,11,20
5730,5,11,20
5731,6,11,19
5732,6,12,20
5733,6,12,18
5734,0,10,19
5735,6,11,20
5736,0,10,19
5737,0,11,20
5738,1,11,20
5739,0,11,19
5740,6,10,19
5741,0,10,19
5742,6,11,20
5743,0,10,19
5744,0,11,19
5745,7,12,18
5746,0,10,19
5747,0,10,19
5748,1,11,19
5749,0,10,19
5750,2,11,20
5751,5,11,20
5752,6,12,20
5753,5,11,19
5754,6,11,19
5755,6,11,19
5756,0,10,19
5757,6,10,19
5758,7,11,20
5759,5,10,19
5760,5,11,20
5761,6,11,19
5762,7,11,18
5763,0,10,19
5764,1,11,20
5765,6,11,19
5766,6,11,19
5767,0,10,19
5768,5,12,20
5769,6,11,19
5770,1,12,19
5771,0,12,19
5772,0,10,19
5773,0,10,19
5774,7,12,18
5775,2,11,20
5776,6,11,20
5777,6,11,20
5778,6,11,20
5779,6,10,19
5780,0,10,19
5781,6,12,20
5782,5,10,19
5783,6,12,18
5784,6,10,19
5785,6,11,19
5786,6,11,19
5787,7,11,19
5788,6,10,19
5789,7,12,18
5790,0,11,19
5791,7,12,20
5792,2,12,18
5793,0,10,19
5794,5,11,20
5795,0,11,20
5796,1,11,20
5797,5,12,18
5798,7,11,19
5799,6,10,19
5800,1,10,19
5801,0,12,20
5802,0,11,19
5803,6,11,19
5804,6,10,19
5805,3,10,19
5806,2,11,20
5807,6,11,19
5808,0,10,19
5809,6,11,18
5810,0,10,19
5811,6,10,19
5812,7,11,19
5813,0,10,19
5814,7,12,20
5815,7,11,20
5816,0,11,19
5817,6,11,20
5818,5,10,19
5819,6,12,19
5820,5,12,19
5821,7,11,20
5822,0,12,20
5823,6,11,19
5824,0,10,19
5825,1,11,19
5826,0,10,19
5827,0,11,19
5828,5,11,20
5829,2,11,20
5830,4,11,19
5831,6,10,19
5832,5,12,20
5833,0,10,19
5834,0,11,19
5835,0,10,19
5836,6,11,19
5837,0,11,19
5838,6,11,19
5839,4,11,19
5840,4,10,19
5841,6,11,18
5842,0,10,19
5843,4,11,20
5844,6,10,19
5845,7,11,20
5846,7,11,20
5847,4,11,20
5848,6,11,19
5849,5,11,18
5850,0,10,19
5851,7,12,18
5852,6,11,19
5853,0,10,19
5854,6,11,19
5855,7,12,18
5856,6,11,20
5857,0,10,19
5858,4,10,19
5859,0,10,19
5860,1,11,20
5861,5,11,19
5862,0,10,19
5863,0,11,19
5864,0,10,19
5865,6,11,19
5866,6,12,20
5867,6,11,19
5868,2,10,19
5869,6,11,19
5870,6,10,19
5871,0,10,19
5872,0,10,19
5873,5,11,19
5874,0,11,19
5875,0,11,19
5876,2,12,18
5877,6,10,19
5878,0,10,19
5879,6,11,19
5880,7,11,20
5881,0,10,19
5882,2,11,20
5883,0,11,19
5884,4,12,20
5885,5,11,19
5886,4,11,20
5887,2,11,19
5888,6,11,18
5889,4,11,18
5890,0,10,19
5891,1,12,18
5892,6,10,19
5893,4,11,20
5894,3,12,19
5895,0,11,19
5896,0,10,19
5897,0,10,19
5898,0,10,19
5899,7,12,18
5900,6,11,19
5901,0,11,19
5902,7,12,19
5903,0,11,19
5904,5,11,20
5905,1,11,19
5906,7,12,18
5907,5,12,18
5908,6,10,19
5909,5,12,20
5910,2,11,20
5911,7,11,18
5912,6,11,19
5913,5,11,20
5914,1,11,19
5915,0,10,19
5916,6,11,19
5917,4,11,19
5918,0,10,19
5919,7,13,21
5920,2,11,20
5921,7,11,19
5922,7,11,20
5923,5,10,19
5924,2,11,19
5925,0,11,19
5926,6,11,19
5927,5,12,20
5928,0,11,19
5929,2,10,19
5930,6,12,18
5931,6,12,20
5932,6,11,20
5933,0,11,20
5934,5,11,19
5935,6,11,19
5936,1,12,20
5937,2,11,19
5938,7,11,20
5939,5,12,18
5940,0,11,19
5941,5,10,19
5942,1,11,19
5943,1,10,19
5944,5,12,18
5945,6,11,19
5946,6,11,19
5947,6,11,19
5948,0,11,19
5949,0,10,19
5950,6,10,19
5951,0,10,19
5952,6,10,19
5953,0,11,19
5954,5,10,19
5955,6,11,19
5956,6,11,19
5957,0,11,19
5958,6,11,19
5959,0,10,19
5960,5,11,20
5961,1,11,20
5962,6,10,19
5963,6,11,19
5964,6,12,20
5965,0,11,19
5966,7,10,19
5967,1,11,20
5968,0,10,19
5969,0,11,19
5970,6,10,19
5971,2,12,18
5972,4,12,18
5973,0,11,19
5974,7,12,20
5975,0,10,19
5976,4,11,19
5977,7,11,20
5978,6,10,19
5979,6,11,19
5980,0,10,19
5981,6,10,19
5982,6,10,19
5983,6,11,20
5984,6,10,19
5985,0,10,19
5986,2,12,18
5987,0,10,19
5988,0,10,19
5989,6,10,19
5990,5,11,19
5991,1,11,20
5992,0,10,19
5993,4,10,19
5994,6,11,20
5995,2,10,19
5996,6,11,19
5997,5,11,20
5998,5,11,20
5999,6,10,19
6000,6,12,19
6001,7,11,18
6002,6,10,19
6003,6,12,20
6004,0,10,19
6005,5,11,20
6006,0,11,19
6007,6,10,19
6008,7,11,20
6009,0,11,19
6010,7,11,18
6011,7,12,18
6012,6,10,19
6013,6,10,19
6014,6,11,20
6015,6,11,19
6016,7,8,16
6017,0,10,19
6018,1,11,19
6019,0,10,19
6020,0,11,20
6021,0,11,20
6022,2,12,18
6023,7,10,19
6024,6,11,19
6025,6,10,19
6026,0,11,19
6027,2,12,18
6028,4,11,19
6029,6,11,20
6030,4,10,19
6031,2,12,19
6032,0,10,19
6033,5,10,19
6034,5,12,20
6035,5,12,18
6036,6,11,19
6037,2,10,19
6038,5,11,20
6039,7,12,18
6040,6,10,19
6041,6,10,19
6042,5,11,20
6043,5,11,20
6044,6,11,19
6045,5,11,19
6046,6,11,19
6047,5,10,19
6048,4,11,19
6049,0,11,19
6050,0,11,19
6051,6,11,19
6052,0,11,20
6053,0,11,19
6054,7,11,20
6055,4,11,20
6056,5,12,20
6057,2,11,19
6058,5,11,20
6059,7,12,20
6060,0,10,19
6061,1,11,20
6062,6,11,19
6063,0,10,19
6064,6,10,19
6065,4,12,18
6066,4,12,19
6067,7,12,18
6068,7,11,20
6069,1,11,20
6070,6,10,19
6071,0,10,19
6072,0,11,20
6073,6,10,19
6074,5,11,19
6075,6,11,19
6076,6,11,19
6077,6,12,18
6078,6,11,19
6079,0,10,19
6080,1,12,18
6081,0,10,19
6082,7,11,20
6083,7,12,17
6084,6,10,19
6085,6,11,20
6086,0,11,19
6087,6,11,19
6088,2,12,18
6089,6,11,19
6090,5,11,19
6091,5,10,19
6092,6,10,19
6093,0,10,19
6094,1,11,20
6095,0,10,19
6096,7,11,20
6097,6,11,20
6098,0,10,19
6099,0,10,19
6100,7,11,20
6101,0,11,20
6102,6,11,18
6103,6,11,19
6104,0,11,19
6105,6,11,19
6106,7,11,19
6107,1,12,18
6108,1,12,18
6109,7,12,20
6110,0,11,19
6111,6,11,19
6112,2,11,20
6113,1,12,20
6114,0,10,19
6115,6,11,20
6116,6,11,19
6117,0,10,19
6118,6,10,19
6119,0,12,19
6120,0,10,19
6121,5,11,19
6122,0,10,19
6123,0,10,19
6124,7,11,20
6125,0,12,20
6126,7,10,19
6127,7,12,18
6128,1,10,19
6129,0,11,19
6130,7,10,19
6131,2,11,20
6132,0,10,19
6133,4,11,19
6134,5,11,19
6135,4,11,19
6136,4,10,19
6137,6,11,19
6138,6,10,19
6139,6,11,19
6140,0,11,20
6141,2,11,20
6142,5,11,20
6143,0,10,19
6144,6,11,19
6145,2,11,20
6146,0,10,19
6147,6,11,20
6148,2,12,18
6149,0,10,19
6150,7,11,20
6151,2,12,18
6152,7,8,16
6153,6,11,19
6154,6,10,19
6155,6,11,19
6156,2,11,18
6157,6,12,20
6158,7,11,20
6159,7,11,18
6160,6,12,19
6161,0,10,19
6162,7,11,18
6163,7,11,18
6164,4,11,20
6165,0,10,19
6166,2,10,19
6167,6,11,19
6168,0,11,19
6169,6,11,19
6170,6,11,19
6171,7,11,20
6172,0,10,19
6173,6,11,20
6174,0,10,19
6175,0,10,19
6176,1,12,19
6177,1,11,18
6178,6,11,20
6179,6,11,19
6180,7,11,20
6181,1,11,20
6182,0,10,19
6183,6,11,19
6184,4,11,20
6185,7,11,19
6186,4,11,19
6187,4,11,19
6188,7,12,18
6189,0,10,19
6190,1,11,19
6191,4,10,19
6192,0,10,19
6193,6,12,20
6194,0,10,19
6195,1,12,18
6196,7,12,18
6197,0,10,19
6198,0,11,20
6199,2,11,20
6200,6,11,19
6201,6,10,19
6202,1,12,18
6203,4,12,15
6204,6,10,19
6205,6,11,19
6206,2,13,15
6207,6,12,18
6208,0,10,19
6209,6,11,19
6210,0,10,19
6211,1,12,18
6212,1,10,19
6213,7,12,19
6214,6,11,20
6215,0,10,19
6216,0,10,19
6217,7,11,20
6218,1,12,20
6219,1,11,20
6220,6,10,19
6221,6,12,19
6222,2,10,19
6223,6,11,19
6224,4,11,20
6225,0,11,19
6226,6,11,19
6227,5,12,18
6228,0,11,19
6229,6,11,19
6230,6,11,20
6231,7,12,20
6232,5,11,20
6233,6,11,20
6234,0,11,19
6235,6,10,19
6236,0,11,19
6237,5,11,19
6238,7,12,17
6239,7,12,17
6240,6,10,19
6241,4,10,19
6242,4,12,18
6243,1,12,17
6244,6,11,20
6245,1,11,20
6246,7,11,19
6247,6,10,19
6248,6,11,19
6249,6,11,19
6250,7,12,18
6251,6,11,19
6252,6,11,20
6253,5,10,19
6254,6,10,19
6255,6,11,19
6256,2,11,19
6257,6,11,20
6258,1,10,19
6259,0,10,19
6260,6,11,20
6261,6,11,20
6262,6,11,19
6263,6,10,19
6264,0,10,19
6265,6,10,19
6266,0,10,19
6267,4,12,18
6268,5,12,20
6269,0,10,19
6270,1,11,19
6271,0,10,19
6272,6,11,19
6273,0,11,19
6274,0,11,19
6275,7,12,20
6276,0,10,19
6277,5,11,19
6278,6,11,19
6279,7,12,20
6280,4,11,20
6281,5,12,20
6282,6,10,19
6283,6,11,19
6284,6,10,19
6285,7,12,18
6286,7,11,20
6287,1,11,18
6288,0,11,19
6289,6,11,20
6290,7,11,20
6291,7,12,18
6292,6,11,20
6293,0,10,19
6294,7,12,20
6295,1,12,20
6296,0,10,19
6297,6,10,19
6298,7,12,18
6299,7,12,19
6300,4,11,20
6301,5,11,20
6302,0,11,19
6303,0,10,19
6304,6,10,19
6305,6,11,19
6306,6,11,20
6307,0,10,19
6308,0,11,19
6309,7,12,20
6310,6,12,20
6311,0,10,19
6312,6,11,20
6313,5,11,18
6314,0,10,19
6315,2,12,20
6316,1,12,20
6317,7,11,20
6318,6,10,19
6319,0,10,19
6320,5,11,20
6321,7,11,18
6322,0,10,19
6323,4,11,20
6324,4,11,19
6325,7,11,18
6326,0,10,19
6327,0,11,20
6328,7,12,20
6329,5,11,20
6330,6,11,19
6331,0,10,19
6332,0,10,19
6333,0,11,19
6334,7,11,20
6335,0,10,19
6336,6,10,19
6337,6,11,20
6338,0,10,19
6339,0,10,19
6340,6,11,19
6341,6,11,19
6342,6,10,19
6343,6,10,19
6344,4,10,19
6345,0,11,19
6346,4,10,19
6347,6,11,19
6348,4,11,19
6349,6,11,20
6350,6,11,19
6351,4,12,18
6352,6,11,20
6353,0,11,19
6354,0,10,19
6355,0,11,19
6356,0,10,19
6357,1,11,20
6358,7,12,20
6359,0,10,19
6360,0,11,19
6361,6,11,19
6362,0,10,19
6363,7,12,18
6364,6,12,18
6365,2,12,20
6366,6,12,20
6367,4,10,19
6368,7,12,18
6369,5,11,20
6370,5,10,19
6371,6,11,19
6372,0,11,19
6373,5,10,19
6374,0,10,19
6375,6,10,19
6376,6,11,19
6377,6,10,19
6378,0,10,19
6379,6,11,19
6380,5,11,19
6381,1,12,18
6382,4,11,20
6383,6,10,19
6384,0,10,19
6385,0,12,18
6386,6,10,19
6387,6,11,20
6388,6,10,19
6389,7,11,18
6390,6,10,19
6391,4,11,20
6392,5,11,19
6393,2,12,18
6394,6,11,20
6395,0,11,19
6396,6,12,18
6397,0,11,19
6398,7,11,20
6399,0,10,19
6400,6,11,19
6401,6,11,20
6402,4,11,20
6403,0,11,19
6404,5,11,20
6405,5,10,19
6406,6,11,20
6407,6,11,19
6408,2,12,20
6409,0,11,19
6410,5,10,19
6411,6,10,19
6412,6,10,19
6413,6,10,19
6414,0,10,19
6415,0,11,19
6416,5,11,20
6417,0,10,19
6418,5,11,20
6419,4,12,17
6420,0,10,19
6421,4,11,20
6422,0,10,19
6423,2,11,19
6424,2,10,19
6425,4,11,19
6426,2,11,19
6427,1,11,19
6428,0,11,19
6429,1,11,20
6430,7,11,20
6431,0,10,19
6432,5,11,19
6433,6,11,19
6434,1,11,20
6435,6,11,19
6436,0,10,19
6437,0,11,19
6438,0,11,19
6439,6,11,20
6440,6,11,19
6441,1,11,20
6442,1,11,20
6443,6,11,20
6444,6,10,19
6445,6,11,19
6446,6,11,20
6447,6,10,19
6448,5,11,19
6449,0,10,19
6450,2,11,20
6451,7,11,20
6452,0,11,19
6453,2,11,20
6454,4,12,20
6455,0,10,19
6456,5,11,19
6457,6,11,19
6458,0,11,19
6459,6,11,20
6460,6,10,19
6461,6,11,19
6462,7,11,20
6463,1,11,20
6464,6,11,20
6465,7,11,19
6466,5,12,18
6467,0,11,19
6468,4,13,18
6469,2,11,19
6470,0,10,19
6471,6,10,19
6472,6,11,19
6473,2,10,19
6474,6,11,19
6475,0,10,19
6476,6,10,19
6477,6,11,18
6478,2,11,20
6479,0,11,19
6480,6,10,19
6481,4,11,20
6482,5,12,18
6483,0,10,19
6484,2,11,20
6485,4,11,19
6486,6,11,20
6487,7,8,16
6488,7,11,20
6489,0,12,19
6490,0,10,19
6491,0,10,19
6492,2,12,18
6493,6,11,20
6494,0,11,20
6495,5,11,19
6496,6,11,18
6497,5,11,19
6498,4,10,19
6499,1,11,20
6500,6,11,19
6501,5,10,19
6502,7,12,18
6503,0,10,19
6504,6,10,19
6505,0,11,19
6506,4,11,20
6507,7,11,20
6508,6,11,19
6509,5,12,20
6510,0,10,19
6511,6,10,19
6512,0,10,19
6513,0,10,19
6514,6,10,19
6515,4,12,20
6516,7,12,20
6517,4,10,19
6518,6,11,19
6519,1,11,19
6520,6,10,19
6521,1,12,18
6522,6,12,19
6523,0,10,19
6524,6,11,19
6525,0,10,19
6526,6,11,20
6527,0,10,19
6528,5,11,19
6529,0,11,19
6530,6,10,19
6531,6,11,19
6532,7,11,20
6533,0,10,19
6534,0,11,19
6535,1,12,19
6536,5,10,19
6537,5,11,20
6538,4,10,19
6539,7,11,20
6540,6,11,19
6541,7,11,19
6542,7,11,20
6543,0,10,19
6544,1,11,20
6545,6,11,19
6546,0,11,19
6547,0,10,19
6548,0,10,19
6549,6,10,19
6550,0,11,19
6551,0,10,19
6552,0,10,19
6553,0,11,19
6554,4,10,19
6555,6,10,19
6556,0,11,19
6557,6,11,19
6558,0,11,19
6559,6,10,19
6560,6,11,19
6561,6,11,20
6562,6,11,19
6563,0,10,19
6564,5,11,20
6565,6,11,19
6566,5,11,20
6567,5,11,19
6568,7,11,18
6569,6,10,19
6570,0,11,19
6571,6,10,19
6572,5,11,20
6573,6,11,19
6574,6,11,19
6575,2,11,20
6576,7,11,18
6577,5,12,20
6578,1,11,20
6579,6,11,20
6580,0,11,19
6581,6,11,19
6582,6,11,19
6583,1,11,19
6584,7,11,19
6585,5,12,18
6586,4,10,19
6587,5,11,19
6588,7,13,16
6589,5,11,19
6590,0,10,19
6591,6,11,20
6592,2,12,19
6593,7,12,18
6594,0,10,19
6595,0,10,19
6596,1,12,18
6597,6,11,19
6598,6,11,19
6599,1,11,20
6600,6,11,18
6601,0,10,19
6602,7,11,18
6603,0,10,19
6604,2,10,19
6605,7,11,20
6606,6,10,19
6607,5,12,19
6608,6,10,19
6609,7,11,20
6610,0,11,19
6611,0,10,19
6612,1,10,19
6613,2,11,20
6614,0,11,19
6615,6,10,19
6616,1,11,20
6617,0,10,19
6618,6,11,19
6619,0,10,19
6620,5,11,20
6621,4,11,20
6622,2,11,19
6623,5,11,19
6624,6,11,19
6625,5,12,18
6626,6,11,19
6627,6,10,19
6628,6,11,20
6629,2,10,19
6630,5,12,18
6631,5,10,19
6632,4,12,20
6633,2,12,18
6634,6,12,18
6635,2,11,20
6636,6,12,19
6637,5,12,18
6638,6,10,19
6639,5,11,20
6640,6,11,19
6641,7,11,20
6642,0,10,19
6643,5,11,19
6644,0,10,19
6645,1,12,18
6646,5,10,19
6647,6,11,19
6648,6,10,19
6649,4,11,19
6650,0,10,19
6651,1,11,20
6652,6,11,20
6653,6,11,19
6654,6,11,20
6655,6,11,20
6656,0,10,19
6657,0,10,19
6658,0,11,19
6659,0,10,19
6660,1,12,18
6661,6,11,20
6662,5,11,19
6663,2,11,20
6664,6,12,18
6665,7,10,19
6666,0,10,19
6667,6,10,19
6668,6,11,19
6669,0,10,19
6670,7,11,20
6671,6,10,19
6672,6,10,19
6673,6,11,19
6674,6,12,18
6675,6,10,19
6676,6,11,19
6677,2,12,20
6678,5,11,19
6679,6,11,20
6680,2,11,19
6681,0,10,19
6682,6,11,20
6683,7,12,18
6684,6,11,20
6685,5,10,19
6686,6,10,19
6687,6,10,19
6688,6,11,19
6689,6,11,19
6690,2,12,18
6691,5,10,19
6692,2,11,19
6693,2,11,20
6694,0,11,19
6695,0,10,19
6696,1,11,20
6697,6,11,20
6698,5,11,19
6699,2,12,19
6700,7,11,20
6701,1,11,19
6702,5,11,19
6703,5,10,19
6704,6,11,20
6705,5,11,18
6706,5,12,18
6707,7,12,18
6708,6,11,19
6709,6,11,19
6710,4,12,18
6711,1,11,20
6712,0,11,19
6713,0,12,19
6714,5,11,19
6715,5,11,20
6716,1,10,19
6717,0,11,19
6718,0,11,19
6719,7,11,18
6720,0,10,19
6721,6,10,19
6722,6,12,18
6723,0,10,19
6724,0,11,20
6725,6,11,20
6726,6,11,19
6727,1,12,18
6728,1,11,20
6729,5,12,17
6730,7,12,20
6731,2,11,20
6732,6,10,19
6733,0,10,19
6734,0,10,19
6735,0,10,19
6736,6,10,19
6737,6,10,19
6738,2,12,18
6739,5,12,19
6740,0,10,19
6741,5,11,20
6742,6,10,19
6743,7,12,18
6744,0,11,19
6745,6,11,19
6746,0,11,19
6747,1,11,19
6748,6,11,19
6749,6,12,19
6750,0,10,19
6751,7,11,20
6752,5,12,20
6753,7,11,20
6754,4,11,19
6755,4,11,20
6756,6,11,20
6757,2,11,20
6758,0,10,19
6759,0,11,19
6760,4,12,18
6761,6,12,19
6762,6,10,19
6763,6,11,19
6764,1,11,18
6765,0,10,19
6766,1,11,20
6767,5,12,18
6768,1,11,20
6769,6,10,19
6770,6,10,19
6771,2,10,19
6772,6,10,19
6773,6,11,19
6774,1,12,20
6775,0,10,19
6776,6,11,19
6777,6,10,19
6778,4,11,20
6779,0,10,19
6780,1,11,20
6781,6,11,19
6782,6,11,19
6783,6,10,19
6784,1,11,20
6785,5,11,20
6786,6,11,19
6787,6,10,19
6788,6,11,19
6789,6,11,19
6790,0,10,19
6791,5,10,19
6792,0,10,19
6793,5,12,20
6794,0,11,19
6795,6,10,19
6796,7,11,20
6797,0,11,19
6798,0,10,19
6799,2,12,20
6800,0,10,19
6801,2,11,20
6802,6,11,18
6803,0,11,19
6804,0,10,19
6805,5,11,19
6806,0,11,19
6807,0,10,19
6808,6,11,19
6809,6,11,19
6810,5,11,20
6811,4,11,20
6812,6,11,19
6813,2,11,20
6814,0,10,19
6815,0,10,19
6816,6,11,19
6817,6,10,19
6818,2,11,20
6819,2,12,18
6820,1,12,18
6821,0,10,19
6822,7,11,20
6823,0,10,19
6824,2,12,20
6825,0,11,19
6826,0,10,19
6827,6,11,19
6828,6,12,19
6829,0,10,19
6830,7,11,20
6831,6,10,19
6832,6,11,19
6833,6,11,20
6834,7,11,20
6835,2,11,18
6836,6,11,19
6837,0,10,19
6838,0,11,19
6839,6,11,18
6840,6,11,19
6841,0,10,19
6842,0,11,19
6843,6,11,19
6844,7,12,19
6845,7,11,20
6846,5,12,20
6847,0,10,19
6848,2,12,18
6849,0,11,19
6850,5,11,19
6851,4,10,19
6852,6,10,19
6853,5,11,20
6854,1,11,19
6855,5,11,20
6856,0,11,20
6857,4,11,20
6858,4,11,20
6859,7,11,20
6860,6,11,20
6861,6,11,19
6862,5,12,18
6863,6,11,19
6864,5,11,20
6865,5,11,20
6866,6,11,19
6867,6,10,19
6868,1,12,20
6869,1,13,18
6870,4,11,19
6871,2,12,20
6872,5,11,20
6873,5,11,20
6874,0,11,20
6875,6,10,19
6876,0,11,19
6877,6,12,18
6878,7,12,18
6879,7,11,20
6880,1,12,20
6881,0,10,19
6882,6,10,19
6883,0,10,19
6884,6,10,19
6885,0,10,19
6886,0,10,19
6887,1,11,20
6888,6,12,18
6889,0,10,19
6890,6,11,19
6891,5,10,19
6892,7,12,20
6893,6,11,19
6894,6,11,20
6895,6,10,19
6896,0,10,19
6897,0,11,19
6898,4,10,19
6899,6,11,20
6900,7,11,20
6901,4,11,20
6902,1,11,20
6903,5,12,20
6904,0,11,19
6905,1,12,19
6906,2,12,20
6907,0,10,19
6908,0,10,19
6909,7,12,20
6910,4,11,20
6911,6,10,19
6912,6,11,20
6913,6,11,20
6914,5,11,19
6915,6,11,19
6916,1,11,18
6917,0,10,19
6918,6,10,19
6919,5,12,18
6920,0,10,19
6921,4,10,19
6922,0,11,19
6923,6,11,19
6924,6,11,19
6925,0,10,19
6926,2,12,18
6927,0,10,19
6928,1,12,20
6929,5,12,19
6930,6,11,20
6931,0,10,19
6932,0,11,20
6933,5,10,19
6934,0,10,19
6935,0,11,20
6936,6,11,20
6937,6,10,19
6938,6,11,20
6939,6,12,18
6940,6,10,19
6941,7,11,20
6942,0,11,19
6943,0,11,20
6944,1,11,20
6945,6,11,19
6946,5,11,20
6947,0,11,19
6948,5,11,19
6949,5,11,19
6950,2,11,20
6951,1,11,19
6952,0,11,19
6953,1,11,20
6954,7,12,18
6955,7,11,20
6956,6,11,19
6957,6,10,19
6958,6,10,19
6959,6,11,20
6960,1,11,20
6961,0,11,20
6962,0,11,19
6963,2,11,19
6964,0,10,19
6965,5,11,20
6966,6,11,19
6967,2,12,18
6968,5,11,19
6969,6,11,20
6970,7,12,15
6971,7,11,20
6972,0,11,19
6973,2,12,20
6974,1,11,20
6975,7,12,18
6976,7,12,18
6977,6,11,19
6978,7,13,21
6979,0,11,19
6980,7,11,18
6981,5,10,19
6982,2,12,18
6983,0,10,19
6984,6,10,19
6985,7,11,19
6986,6,11,19
6987,1,11,20
6988,5,11,19
6989,0,11,20
6990,6,11,20
6991,0,10,19
6992,0,10,19
6993,2,11,20
6994,0,10,19
6995,6,11,19
6996,0,10,19
6997,7,11,20
6998,5,11,19
6999,6,10,19
7000,6,11,19
7001,0,11,19
7002,6,10,19
7003,6,10,19
7004,1,12,20
7005,2,11,20
7006,0,11,19
7007,5,10,19
7008,5,11,19
7009,5,10,19
7010,6,11,19
7011,6,11,19
7012,0,11,19
7013,6,10,19
7014,5,11,20
7015,6,12,19
7016,2,11,20
7017,5,12,18
7018,0,10,19
7019,6,11,19
7020,0,10,19
7021,4,11,19
7022,7,11,20
7023,0,10,19
7024,4,11,19
7025,5,10,19
7026,4,12,20
7027,7,12,19
7028,0,11,19
7029,0,10,19
7030,7,10,19
7031,7,11,20
7032,6,10,19
7033,0,11,19
7034,7,11,19
7035,0,11,19
7036,0,10,19
7037,6,12,19
7038,6,11,20
7039,5,12,18
7040,6,11,20
7041,0,10,19
7042,6,10,19
7043,0,11,19
7044,5,11,19
7045,5,11,19
7046,0,10,19
7047,1,11,20
7048,6,11,20
7049,5,10,19
7050,7,11,19
7051,6,11,20
7052,5,10,19
7053,1,10,19
7054,0,10,19
7055,2,11,20
7056,4,12,20
7057,5,12,20
7058,6,11,19
7059,0,10,19
7060,2,11,20
7061,7,12,20
7062,2,11,20
7063,2,12,15
7064,6,11,20
7065,6,11,20
7066,6,10,19
7067,0,11,19
7068,6,11,20
7069,7,11,20
7070,6,11,20
7071,5,12,18
7072,0,12,19
7073,6,11,19
7074,6,10,19
7075,4,12,20
7076,7,12,20
7077,0,11,19
7078,0,11,19
7079,6,11,19
7080,0,10,19
7081,7,11,19
7082,4,11,20
7083,0,10,19
7084,6,11,19
7085,0,11,19
7086,6,11,20
7087,7,12,18
7088,6,10,19
7089,5,12,19
7090,0,11,19
7091,2,13,15
7092,7,11,20
7093,6,11,19
7094,0,11,19
7095,5,11,20
7096,6,11,19
7097,1,12,20
7098,1,11,19
7099,6,11,20
7100,6,11,19
7101,5,10,19
7102,5,10,19
7103,1,11,19
7104,6,10,19
7105,6,11,19
7106,2,13,16
7107,4,11,20
7108,7,11,20
7109,5,11,19
7110,0,11,19
7111,6,12,18
7112,0,10,19
7113,5,11,20
7114,0,11,20
7115,0,11,19
7116,5,11,20
7117,5,11,20
7118,1,10,19
7119,6,10,19
7120,6,10,19
7121,6,11,20
7122,4,12,19
7123,5,11,20
7124,0,10,19
7125,0,10,19
7126,6,12,20
7127,7,12,17
7128,6,10,19
7129,7,8,16
7130,6,11,20
7131,6,11,20
7132,2,12,20
7133,5,12,20
7134,6,10,19
7135,2,12,20
7136,6,11,20
7137,6,11,19
7138,0,10,19
7139,7,12,18
7140,0,11,19
7141,6,11,20
7142,0,10,19
7143,6,11,20
7144,6,10,19
7145,6,11,19
7146,0,10,19
7147,5,11,19
7148,6,11,19
7149,1,12,17
7150,1,10,19
7151,7,12,18
7152,6,11,19
7153,0,10,19
7154,7,12,19
7155,0,11,19
7156,0,10,19
7157,5,11,20
7158,7,12,18
7159,0,10,19
7160,5,11,19
7161,5,12,18
7162,6,10,19
7163,6,11,19
7164,5,12,18
7165,5,11,19
7166,7,11,20
7167,7,11,20
7168,7,11,20
7169,0,11,19
7170,2,11,20
7171,5,11,19
7172,6,11,20
7173,7,11,20
7174,7,10,19
7175,4,12,17
